id,approved
4877eee1-f059-4199-a73e-6e272d4a2516,false
01b17304-8074-4cc4-803d-52d1c04ad419,false
4834811e-115a-429d-9353-4a18752511c6,false
7ec3ca31-d2c3-4757-826a-687f657e1ea4,false
20021977-8388-4c41-8700-1f8dc5dcc470,true
9c44c112-76d4-4c85-b520-d024f555a380,false
dc78a39a-4df6-4cb4-a0bb-4af1260b66fb,false
dc4a760d-edf4-430f-805d-b108d0327ab0,false
2e822d0b-2258-4723-8612-18c8b38f7fac,false
6213e11c-ad37-4109-a4cf-62edd411ad73,false
e18eae22-0806-485e-8a72-d345bf5a37dc,false
a4c54c70-b32a-4d5d-81e2-fc8d648725f8,false
3bc22088-fac6-4393-b1c2-66e3d22b5c6c,true
ea9534bf-be64-47d3-887e-93e77dc99e35,true
b776d3a3-dad1-4761-9320-661a892d12fc,false
022e34c1-11dc-46b1-923a-5e3a0cb2418c,false
30085baa-3a8f-4dc9-89dd-8f3918747f78,false
0adb9e73-2252-4264-8175-3fb19be65274,false
5a1a524a-4f3f-474c-958c-5a73da7963bb,false
1f3d38f0-067b-4a10-9a70-bfc94ff722cb,false
1ee7273f-e91b-4be2-ae38-ec78cacbfe95,false
1b7e9059-371d-47cb-8066-13b0de2fee93,false
1f3a7262-052b-4e31-9d55-2a1dc38fc06b,false
a0553fdc-7653-4022-8096-655ebbef1f0a,false
5c4e95e4-8740-48ef-a1c4-675a2300f159,false
0a625beb-0ef3-404d-843c-6de0086f5726,false
6718294a-4c7e-4904-acf3-c0df8fb1d18e,false
9e7a2b30-482a-48b4-a9e7-6c5cee5a7ac5,true
fe3e2f5a-0eb3-40a8-b2d3-654808f174a7,true
8a89b2fe-c04b-4abb-9d48-0c41417e5def,false
1225d06f-88a6-497f-b252-ab2283e01078,false
c1fe1c98-ce49-4540-b272-a812d39740ab,false
f490d010-dd79-4de1-a549-824eb0037797,false
09d0e59a-336b-4843-8bb1-9409105693a7,true
55f630f2-c8f1-4ad1-b15d-2e2b695a092f,false
e3100022-6c58-4746-97ba-9ccbb6a6f667,false
99f8c2ae-13a0-4851-b4e8-097018ec866a,false
156954b1-a172-4c84-ba75-80b294169613,false
1ec46800-2567-44e6-936e-f393e7c3d80c,false
ce757f3f-f15a-4ee6-9b51-59692cf352c9,false
2d017530-8637-45db-9f1f-fadb71f0ebf7,false
f51286d5-afb5-4806-8ad9-a4c9d89a6fa1,true
988c3d49-7710-4da8-af43-ead8bf1eb39b,false
01a78a96-937a-4f40-aff8-da3beb1198d2,false
1060bfd6-5109-4f06-953f-6f38cf0e6fb6,false
a6b219c5-b1a7-4707-ad68-436686236742,false
6c7468bf-577c-4b9c-8ef7-1205284af2a7,false
2f12f721-8e5a-4a9c-a08a-343277844832,false
8a252eed-d23b-4e3d-93dc-81dc64ab6de9,false
e650777a-373c-4894-8273-24bb734497ad,false
9d4c70ff-7420-4ebf-a6d0-d2e64425e20f,true
9cf6e517-84f2-4e69-8572-a013c7e3f6b0,true
63b30daf-b912-43b8-859c-1b5b876b2322,false
1e7b3e0d-0f12-47ef-a6bb-c710120b1369,false
c3d1acfc-bc85-4aea-a6a8-276c4409db75,false
da0609e9-9d83-4030-b42c-fad02a2fa166,false
1e163399-37e8-4f0f-b732-bd96d4788de4,false
c245f7de-6bde-4b4f-8de0-be189f6b92a9,false
b37d8849-8c1a-4b49-9015-a70806342c00,false
3ffa5511-c8b9-4a9a-8520-8982f6a5da7c,false
7d2ccf32-b81d-4c59-a0f4-93361cc72582,false
d858f322-8295-4aa7-bdf7-c1ade95a7df0,false
b9dbb02b-ff54-4429-9c6f-a606d747f51b,false
c02b4409-85a4-4956-a825-a6d69117818f,false
d600b161-5bbe-4c4c-9542-1bc90be82142,true
e4f0ae7f-2f3d-4ddb-b098-5e2eb7db39ce,false
57f8048e-ea22-4eab-9ac2-dbe064b00c71,false
a41f075b-2600-489d-bdeb-5e6c15ce50a5,false
915370e6-8049-485c-97a1-15e57a119992,false
2db1bdb0-fa08-42c8-a30a-ee26f0038fe4,true
5b4085e6-ff73-41ae-b0b6-3036901cd32b,false
c756faa0-fe76-4a41-adb2-628c3165aeae,false
e922ca36-9d7c-4605-ad24-f357d049ac61,false
50471a7b-9864-4613-9b7e-044762aa3b4d,false
f1fa010c-d678-4a5e-9926-ce7343c79147,false
13a6cfe0-5048-4d31-9d7e-b06cc3c7d0ad,false
fd88212b-0fb8-4a9f-98a8-ab6318bde2e6,false
ce570c3c-c248-4ad7-b490-4552d5449d1b,false
812fcc08-fb73-4da8-982e-bacfe4603f70,false
e14f4e7e-2377-419d-b091-fe02b783dbd1,false
1ab05629-11af-44a1-be88-41454682537c,false
b1953922-50ff-4fb3-b9a1-4302d525513e,false
78aa6549-45ad-4bab-86e3-1a75fc99450a,false
b7cfdb77-ca6a-483d-8c75-45a87ae524e2,false
2a384dd6-e243-4be7-8f12-c5cb528d31f3,false
fb5e9a08-dd6d-4d05-8c65-8a28d341ee71,false
f431ee51-144f-426c-b110-0d02ad5f8e0a,false
a0645e6d-60a8-4304-aa56-d42035af11ac,false
53278d65-8cb4-4f7a-aeb0-1b378b3ef018,false
3d9ef7c3-40f2-4de9-bb27-bfeff3c44712,false
10391b11-54e9-4168-a7e6-36a780940bd1,false
b91a925a-876e-4c5c-bdac-78f1f968b76c,false
b48b9ecd-257f-4d9a-a3df-20a23f5cb08d,false
b3d6303f-9a35-4b41-9e94-c9134cb34a69,false
4d00c736-9b7a-420f-bfbd-dbc6b7bd09da,false
5deb1a99-c589-45c9-a641-12cda59c2fc9,true
aa495d23-8567-4dd6-864a-da7a8cdf5426,false
aef6999b-75f9-4dc8-9744-8c340eb64152,true
eee12345-ae63-45ae-b597-6a6708e91e86,false
f43a3fdb-741d-47a3-838b-9a847c952b2e,false
f8d1c024-603f-4b6b-aac1-a09409ade909,false
ae852e50-c940-4b4a-ac21-fefbe5cb1265,false
2bb72d0d-36c1-40e5-90ae-f2f0696b25f1,false
00c64a63-090a-4ccb-b3d3-bfd927ba94f2,false
8a8e380e-3abe-4615-baa7-5d8e81cae097,false
9917cac2-ba0a-4f97-9b5c-5dc17349d0dc,false
9b1fc30b-ab95-45f9-b30a-027c64b1f4a1,false
1122c49d-f18d-4586-a768-0a9e77c0f878,false
3bb01c31-a4ac-4b61-b86c-5268ed5c75e5,false
f28a44b6-2b48-4792-9c83-beeeb1c1c3bb,false
1149ddc2-79b9-458a-b780-561c4a2abc4e,false
65db3881-f6ac-4258-8cec-dbdb4a765e9a,false
1fb56578-088d-42f4-ad85-cf935cd7c49a,false
f7bb2b5e-b2db-4102-874a-0ccf670fb439,false
dcb1dc3a-35db-425d-b357-70ca5baa802a,false
e8e5a649-02f6-48fb-a202-480d6d6e5d18,false
c8753e91-8396-4c79-9b5b-5d51374e8d88,false
4a0a2ac5-6bc3-434f-9f07-bf700bac5c48,false
70cd9949-9222-4c0a-8897-b47c8af286ef,false
eda6ba19-0889-4be8-a87c-b354ee271ed0,false
4bcd6a86-e780-4652-9949-4b495a19c778,false
300d4951-d011-4264-9f6e-54c1d5f8c033,false
3664fdf1-603f-499f-82ad-160e5fa30812,false
b61c4721-814e-499c-9fdb-2611449c53b3,false
dcf687c0-4452-45ae-b4b7-7b8e1918a62c,false
9c6a07f9-5562-409a-b458-dd6a795b2c75,false
7eaaeba5-cbe2-40de-a964-66e5b5816d70,false
2837b4c6-e54b-4ea7-a6e9-34d34fd4591b,false
bb33a50f-a889-4602-8390-b8262e60b5f8,false
359caca2-971d-4f23-9f1f-251ceaf02037,false
794f8eaa-2f6b-42de-b667-9c5017c8d9cf,false
8545064c-927e-4d64-9e83-a7c17f28db3d,false
acff9296-3904-4f62-ad85-891b337daab9,false
18891450-e6c0-4067-8486-77c459b2115c,false
9b8a3e63-5dc6-4f10-b919-03564ad6c85c,false
b99435a5-3d60-47ef-a726-fb04b6310d9f,true
1064c0ad-9664-4649-a953-2e51ea9bdeed,false
687a7fe4-5618-41da-b810-f3e0f27e9252,false
eb62aa34-ab41-417d-a430-b48828b02a78,false
53b8427b-fd50-4220-8120-9322fb5b8489,false
0dab1ab3-4313-42bb-a4a5-822dd37f86fd,true
1123f81e-2aa6-46ae-80b6-89b99de1ec21,false
6c22ce00-c546-4903-afe5-09294c6b0514,false
63e1d981-727b-4699-92c0-371b78760fbb,false
00004ecd-5e84-408a-a6a6-616fb6862885,false
70eaf804-080c-45d5-a276-ad1186e6d272,false
e83b44bd-f14d-4a6b-aed3-9a1efc3b0706,false
80b512fc-25d9-4df9-8897-bd7cd4f0301f,false
fd7271b1-0b94-42c7-83e5-e0b7356987b0,false
15223c51-29be-4e1f-b357-07c4c3cca78a,false
f3a4893d-45b1-4f67-a3eb-b588c51fa2d5,true
9e20bb17-46fb-4ef4-8964-e4224add9be2,false
0c808b19-0da5-4a05-88c9-aa241d3d4072,true
b82f9161-bc9e-485a-804a-6b625af1b478,false
59c6a474-1560-465d-8986-85f89fb05786,false
3295f887-21f3-4902-b3f0-1ce5444a286c,false
352dc16e-c209-4f29-b52f-98e80502af73,false
49143246-c845-466e-8968-f98a52bb946f,true
5bcc9529-e73f-4734-b52f-31182c4250d3,false
b5692e88-4adc-43a5-bd5b-5878f5392750,false
5cd4aefb-373f-47d6-a480-0f598018a338,false
578926d4-6709-439b-892b-58bf8610a45e,false
a24477ef-b5f8-4a40-9c4b-0d5fef87998b,false
a7cb0604-adc3-4974-9b76-1415969e9009,false
9ed5de85-238a-4407-8868-c62f7ef320ba,false
d7f48131-d37f-45d1-822d-3f94910fd5d6,false
02158d1c-3b27-49e6-8f59-dbf19fb24485,false
c7433876-db9d-40f9-bce6-e0972e399436,false
2598858e-53d6-4422-b1c4-8a7909a71a42,false
b8729b44-a4f4-432a-9f1e-f774454c23e7,false
85dcc0bb-38a5-46ca-8a75-6f709401edbe,true
d8962ac9-a586-4ed1-9f71-8e8ad627e167,false
7e8cb5fc-64b8-4cf5-8a09-393b0c854879,false
2c28cddc-2482-4c3f-8a66-6cbe44ac6b89,false
cd229f49-9348-426e-a87e-bb950bc15e7c,false
a7e9b575-0dda-4255-9839-2754e8b870ff,false
0e6143f3-55e6-4b21-aa6c-bfeecfa134c5,false
c4075ea6-ce08-4710-acc0-24246a6ebcb2,false
f32eebf4-6722-4f3b-bfcb-ff39f0e1b8a3,false
8c6d27d6-47e2-4ca5-b339-1faf79701317,true
a3ea19a0-e0b5-4338-924a-6e08249fccfa,false
029ac4ca-9b51-4fed-be56-ad3fcfbeff6e,false
fd975ccd-9b60-4cfd-9dd4-2e2b9c522b8a,false
963f0230-f959-4ab8-ae6a-c4c5b72d5e0b,false
82446071-cbd1-4074-b735-4a4dea27d6d4,false
a88c77f4-45d5-48a3-865f-ff24824fd559,false
4c3b3e07-bea9-46a1-9fb8-70568d41b600,false
401a3a5a-5f27-440b-a59d-a778f193b884,true
441588b8-d15a-4f0f-929d-c183e3c61f8e,false
d32990d9-59cf-41c9-a076-f9f6e995eeee,false
4de68d02-7d32-42ea-8153-4acc6f7156e1,false
7d368160-daff-412b-8889-7f04817d3b1e,false
ce7b1b72-ada9-47db-9d08-54ed838ded5d,false
16a8d9b0-c312-4ca8-b83e-40e2b4189204,false
98cf1074-d7e5-4749-bf8e-58da304f7ef3,false
8ac71bb2-c7cc-4594-bcf9-9d27bc6ce94e,false
55333fc3-8c91-4ad1-ae6c-5dbc679037b8,false
252dae94-7641-40d2-9eb0-d49192798c95,false
940e020d-4a57-46aa-a01f-24d21edeb76b,false
0d42c04c-901d-48ad-949f-c52c4400aa82,false
dbb930db-b19f-43e0-8b63-6b3931766e1f,false
290e8dd9-18dc-451f-9591-44101816d916,false
1c737c63-2db5-45cb-9f80-b7947dc9e05c,true
116e5d75-94d8-406f-99a7-66b3b67eb97a,false
e9a7805d-891e-49e6-b7fa-91f5883817e0,false
36263d16-63e3-4fa2-99e1-8f2a32264644,false
4c24d44f-59cb-4084-9ef6-98b9478828d4,false
17b8454e-8f23-4467-935b-1e74116212e8,true
77878a7b-5578-4906-8225-3fb3e1334877,false
a567c193-7464-4f84-b190-554d502c107f,true
99d28ec5-f5ab-4964-aff5-36f4118108e9,false
9472d03c-a1c1-4a8d-9d08-d62e519d0982,false
a312ec69-d27b-4aed-8cb7-dd4ca7e2947d,true
11b096f6-ffc7-48c9-9195-1595ef3782d5,false
3fa2f45e-5793-4b50-84b1-dd4c65ecef62,false
50f85860-4590-4c14-8165-e146f4462f02,false
4335f2b2-e2f8-4c00-8339-5c5bd6703e6c,false
2f73c77b-3f97-4112-bd6c-3a61a2a2a46c,false
a53d5e99-8d89-4bf0-a9b1-e901c18b93f9,false
732a8628-7297-4b8f-914d-987fd349c856,false
8a3e7bed-88ef-4c0c-b76e-417964baea49,false
daad3a47-f103-49de-a008-683cd171f1ed,true
a3ef9533-f9a5-4031-a207-9e74f24d2321,false
f486696f-5391-4836-9557-d95e5f455336,false
ad2b67db-3a9b-47f2-a375-049afad70e51,false
c6e7ab7f-23c3-4f38-90b5-db392ce2a418,false
9d01c74e-135f-438c-9284-ea7ab0c01c3b,false
8d2f85a6-8900-4562-96cf-11a6e3a2fe75,false
0d23899a-e3b2-4b2b-8747-9452c9018d5a,false
13d103f9-6843-4470-a375-d604da6b832f,false
52882b0e-c97b-4f62-bdfd-b5bbdf427910,false
a43e4818-3980-45ba-9675-f29ed28cdff0,false
d0577096-f686-4b08-8cdd-3cf735cd3b26,true
01374cee-e6de-44bf-b25c-f1ddec05221b,false
9c0d52c3-f9ec-4532-a502-8debb6a15d71,false
9b9e3578-556a-4e2d-93bf-91d76efeb727,false
e58c61b6-8c32-4f66-93f7-bbec4b447706,false
ffcbd2a6-a469-4077-8cc6-376448389c72,false
cbe255ad-a87c-476f-88bc-ec03d5442530,false
ca696c5a-5c2f-4067-afb0-809bf7806449,false
21d4928a-0c04-43f7-b4bd-3dedb1f89cfc,false
68c15457-e555-4f1e-930d-0771b32795c9,false
b7eb072b-9a6a-4e93-9649-622ffdee7c62,false
618a1cd3-c3c6-44fe-a1c8-eb12de2a5b36,false
4ae0e7ef-0d02-4ec5-a54a-7af55c03dde5,true
17930a50-4266-41fc-9dc0-e3c05bc51e4f,false
408b9bd3-39ee-4615-8373-1952db07a921,false
5db16b85-d42f-41e9-991f-0e496dc6436c,false
d603fc64-035c-4dfd-9d5c-0e2e6b0a1be0,false
d20397b2-5316-49ba-9a71-66d0adcbed7e,false
d25c127f-1435-45d0-be8d-a07960a21b25,false
b6c69fff-c124-45af-ad63-6dcb9a212992,false
aa440593-114d-483f-a42d-074b33e9a732,false
3f11b70a-d055-461e-85ba-4c40760bfbe4,false
0bb518fe-a6c4-4b4f-8896-fbd8eaf732d3,true
ba3cb349-bb99-4454-8675-78f271535c8f,false
20f3ba27-fbcc-4708-93d2-522deabd9083,false
5f5d8e8f-31ca-47bc-98c8-aaabba0fd2ce,false
2e5b061e-07d5-4e14-b3cc-a3dc6c34ccc3,false
eb6c7114-ecd7-408c-a449-244cea62bac3,false
b246a27e-f828-4a60-8631-e54d3c0208c8,false
40143d0b-553f-45d1-a8db-8ebf65e0b2c2,false
e1955673-bffa-4de7-b413-6c3fbb657e2a,false
3f062280-7942-4d57-af36-be855737d85f,false
0e8008fe-388f-479f-9d4e-9d485f134146,false
71423d22-eb98-4abb-b495-6b3b33224e03,false
ceacb775-754f-44e1-a258-f4172d0d1782,false
58e6717b-4bb1-457d-9b6a-d999b16d42d6,false
2ccbae21-953c-43f2-a6f3-af6bad77d0ca,true
e63c4c88-e723-4e25-a8df-66020f1b34de,false
2fd2bd04-3dda-4b70-8d00-e1327c5caabd,false
1e5099d8-0d70-456a-b888-dd1acd3feee1,false
48560a9a-e479-432a-99d3-4b7ccbf143be,false
660c0452-4be6-43fb-ada9-2b646d399716,true
09fc8f91-de2d-4cec-9369-817f9946044a,false
bd47d362-5ae5-41c4-adab-c0c6611f9b07,true
c5ecde14-0358-4c31-a752-1e41439e3b37,false
ef4a7e8d-8d44-40e1-a058-aa1b8fb17057,true
a07e1c25-d2dd-4f15-8214-f8c965c08cba,false
9daa9ac8-0ec6-4d45-a224-23192cda4db5,true
42271165-7d5b-4c01-8d53-8ecea28cc386,false
16ceee2e-b144-4612-9624-78a70abd27c5,false
4c1ccae4-a24c-4d01-992a-062424c24de7,false
bf18c5cd-5f9f-4845-a8ec-bcff350bd769,false
df0c6b30-342f-4a06-9537-da0bcb0baba7,false
5895ad7f-8aeb-48d8-aaf3-6b175e2b04d7,false
ff93d4ff-e745-40c4-96bb-a3ab0ed3d3d5,false
6ad5888c-27d4-4ca4-bb57-f40bc0c03712,false
1589fa9c-2d5c-42dc-b874-273ecce1e6d3,false
ef0f8802-9ae6-49e5-a81f-792ca29176bf,true
1ba95774-4dfa-4c0c-94dc-0ab286a882f4,false
4d8b0226-bc93-4cb4-a8c8-2cf6d653dd01,true
4dc17a71-856d-411d-a42b-c862452d05f0,false
e24ecc4e-285f-45ca-8f7b-3aefe3bcef90,false
4f73eae8-3de1-4bc2-8491-149fc750283d,false
8c85c10d-1002-45c0-bf29-47ea19e0c90b,false
fd015675-9e53-4126-b1d8-d926d5fd9c38,false
3b1d65d2-8684-4704-bf0d-a6a277128031,false
52d2d5e7-d158-4946-8646-0fe98090b47f,false
9e0c23cb-d313-4c2d-87a4-638f86b345cf,false
bf1cbc49-24e0-413c-befc-ab4ae4d27607,false
9dffac7a-f291-4a2d-ad2b-a6d56d0bb941,false
47f2ce49-8a6e-4982-a6fc-f85dc0b9632c,true
6014960c-4d15-43cc-a549-05a855ef9fbd,false
54730fff-83f9-4be6-9121-e6ab718cfbb4,false
23382283-0515-4b13-b670-7953351e7f61,false
ff187224-2b87-416f-b9cd-c8f495bae10d,false
3965238f-9890-40e1-aee0-0f4954c3142e,false
937f58e1-e0e8-4f20-9c51-4b9690810d62,false
5e44cb8b-6e01-4c78-8050-0f55d76bbb53,false
4561483a-4455-4c55-a634-50506dd76bc5,false
a310fae7-2ff0-4326-83ee-4d95f0979831,true
57db24fd-535e-4a46-805b-f270cd87487d,false
e97c6712-c485-4c92-8561-231c09664ca1,false
3fe1a7e6-1a41-4829-8127-b99383fd7975,false
4fe2e98a-1921-4ebb-b64d-d3c588ee9c48,false
a0dd77da-4f93-4aad-80be-f7f1812e9383,false
c8680619-b7f3-4bb2-be7e-9efaa5cf6490,false
806b9ecf-be26-4be5-af19-f783cd004438,false
00dd2ce9-bbfa-4d17-8cc4-89472275194a,false
fcbfa17d-db10-494f-8106-e059bcbb5768,false
128b3a8e-b612-467d-83d6-8e20e00089ee,false
96778b8d-cb01-4333-a268-a4923badafc7,false
37572f02-d3ea-4e75-98d2-8d7e4cb822e7,false
e44d7670-4c47-4a98-ab31-1805e560ab9b,false
e39d7271-c0b8-4877-9826-90eb36df58b8,true
6e7b5c8c-c435-4078-a3db-f6fae25ea60d,true
83e2907f-eca4-4d70-b218-b13216bfc86c,false
10d73797-d58d-4aac-96ec-5a516e964397,false
d5b5a180-9ab9-474d-8b32-d907c06e6dda,true
222280e0-4964-41f1-9aac-dd178202e995,false
c1077086-41e2-43c6-8f1a-e50a4ed5f6bb,false
38cfd99e-b6fa-4e9a-afe4-b1ec74c5efb9,false
e0ffeb1b-7ce1-4793-87d2-212e094d1dc9,false
67405d42-a8e2-4f09-9297-dc82e9e5136b,false
ee588836-e902-4a58-9fe6-4df17803a604,false
c21150ef-9843-4cd5-b2ad-ee310e5db4bf,false
15341d98-0c65-4fe6-ad0a-523e60f21ff0,false
6692607a-d446-4493-8f8e-ea39b9b4669f,false
e4925871-ff9e-46e7-9844-eee78930466e,false
a6696f40-f8d0-4095-a6ad-07662b47681f,false
0900e96a-f152-48cb-8a65-871ca5720e04,false
d371beda-f1d8-4cd9-8563-c25a6b4d4422,false
25975f03-b413-4d37-afb4-5f324e3d5924,false
358770ad-7fb0-4c9b-92f4-da833f5ad94a,false
e726d195-dc7d-4e77-ba32-d9dcc1cbfe31,false
623fee49-5985-4209-bcfa-2a02bec18f5f,false
72ad4532-6a15-40a4-afdb-b6b5ba9e2ff6,false
13c7320e-a52b-44c8-adbf-cac720bdcd06,false
15aa3d02-a77c-4720-a978-a978c2702300,true
68f70634-0f11-4941-b65d-e6d28a6fc642,false
574486fe-d6ab-44db-9bc6-ebd3a2c1d335,false
1f74c877-dfdd-421a-9789-622afd818851,false
94c95c34-f43b-441d-a0a1-1d9dda57ba01,false
74630875-22d0-47e0-a7ef-abedff73a5bc,false
fb9b83ef-8745-404b-9949-bac39d96818a,false
489e90cc-9ffa-447a-a31e-68868d3f6ebc,false
74bd3ad9-e03e-4d43-82a4-ada68ff82832,false
84c38567-e2eb-43f4-b9de-ae3bf048794f,false
fa000ddb-0616-4409-85e8-d09ee25f1777,false
06da0e0b-d963-4b88-a8f3-25ec26fc3bff,false
dbba5961-2350-4100-85cc-e00a77ad7a63,false
354be3c8-a133-4977-b5b1-6a887c60fcc2,false
631a153c-3673-4055-b74a-7172817313e4,false
3f5bd142-7623-4f87-a164-6440b6dfece0,false
9453b701-08d7-42bb-ab72-39ba5cd58ad8,true
5fbb1725-570a-4418-9780-2d974a9d1a35,false
11031f38-0c3d-430d-9cf2-12a9513b85ed,false
377225a9-9ac1-455a-a541-0b7b51648b50,false
929a47dc-cac4-41c8-b2b0-0b8fc065e48b,true
d37fb220-f8e7-4b8e-98c8-78757c57aa1f,false
ee9ffdec-24e8-49af-b8bc-c78ba0e36dd4,false
93b2da64-b476-408a-ad60-8cd9cf125ecf,false
9d06048f-3b59-4c60-90cb-5fe2ad497168,false
b2de67ef-3f9c-41ef-964a-5eb1282b6444,false
9f774327-a74e-41df-9b02-fb0c92c15c29,false
194cd7fd-99bc-481d-9378-4688fd16cb14,false
dfff227f-17a0-4007-a777-7b2976d812a3,false
19f1ae12-8cc1-487e-ae99-0aa6f6be0474,false
12553d16-d67a-4f6a-9efa-3c025a1c79d5,false
e8c62e13-02ef-4174-ae55-9334e3e374bc,true
8b3e41f1-b49c-49cd-a841-eb434ed2dc06,false
e0ce1cda-7ef4-4d1e-ad9a-99a87053dbd3,false
e46d3da3-d54a-4e99-8d90-e3b8c2e90918,false
7f7adc86-2d69-4c98-877e-d427a27df3c0,true
543b4134-3f8a-480a-b22f-040afd0f5a27,false
acb853c8-e9ca-4dd8-bf69-b907403dc19f,false
886d3520-f46c-4d1d-b435-7fd72556a68a,false
9477f990-d5ea-4107-9962-8e26e9b37119,false
2aaf1b50-6423-4b1a-9359-c086d61deb05,false
d84c5cd1-26bf-4e73-9102-2d8749fcffd6,false
b43b43f6-84a0-47eb-827a-a6c2a4a2525c,false
5b7c1aab-4c85-4f04-8677-1d21eb8dc6b4,false
2dc1bb97-5ce6-4987-8add-37ad078aa06b,false
536f3494-5c22-4dbd-a1ef-60bde0a2e199,true
4740ced2-8c5b-4989-a58e-180904dbc93d,true
57cabaa6-84e4-480d-84a9-b31fa8e9397d,false
ead96f27-7f6f-4883-aa0d-282b4d4c413b,false
4d67194f-cf30-41d9-ab4c-f8beb0733685,false
cb16ffbe-8c9d-4ad9-80a6-c060f1f022bb,false
2f5f7d80-f64e-48bc-afef-b54fceab4520,false
6caabb15-c9fd-4bd1-ace4-42d23c5ab1c4,false
0c68e223-d2a6-4864-96ec-65d085eadfff,false
b8655ca5-7f46-4c57-a381-063807c78a53,false
bdcace58-c6a7-4d4d-9063-f50dab0c6ead,false
d63fc932-b543-4ae4-88ee-cd518fbed328,false
9330a4e9-12b3-43ad-8601-759d9aac207b,false
1a3dd098-3e7c-42ea-9411-863e20837952,false
aa181ace-ceef-4387-a276-47b99d6a669d,false
b677a8e8-5b12-41be-b7f4-351cb9dff2a1,false
62c2e640-d552-41a4-9a30-9999e192890d,false
75ca2b9d-97f7-4b68-a815-5645e3bf6206,false
fa898930-6c5f-49e8-be03-bd662356cec9,false
4e78594b-34b2-4fb9-a3cf-f2c9447676cc,false
55a4aee8-9edd-4a83-9641-856034957fae,false
06e23ccd-27de-40e7-bed6-1919b5251534,false
9c50ee0f-5198-4de8-babb-2f936aa4a128,false
e24b4bc9-5fa6-46cb-9570-27e9c7e97bb0,false
b83a902b-aef0-4d19-ba4f-fc8227ac6fea,false
7b02f6ad-0be6-4452-906f-f83a90e296db,false
aacdf9c6-af00-4418-a287-23d04e8f870b,true
fa8d3788-faec-4fb3-9a74-112866e86f54,false
1fad5e0f-f6f8-49ba-ac24-23cdcc30a378,false
17182fb6-ea7b-4423-9cec-9e9b20ce2da0,false
7ad394fa-017d-4b78-acb6-e5bbe46f46e8,false
67bd55c6-c3b2-4e61-82bf-18540b7c8d5f,false
47ebd41a-03d5-469b-805f-1147cc4edcc4,false
84aa4076-a181-4d40-a4cc-0cb34397e3d6,false
1ff9b8a7-6f86-4ffc-a121-fcfa393a623a,false
c5659e59-e0f1-4131-b030-29a69041d38f,false
f73d50a6-a20b-46da-99ee-fe24d1d2b77c,false
7b475022-2ad8-46f0-85bd-828f32ac4d80,false
3fec3cb1-8ba7-48b4-b4ad-d1d1b365aae6,false
00f2e8e2-c5c4-4d3f-8767-c2a8c355f017,false
4e4d21bd-d27c-48e1-a3e0-1815caea4308,false
43dcd4bd-302c-4dda-a964-39dee4974f02,false
13cb9a9d-c13f-4bfc-9d64-f83906cc3932,false
97d8ca63-fdd5-4ad8-b989-dcbe31e8dd37,false
91cd0f3e-62d3-42fa-909c-2e61f84daa51,false
3efeb58a-c290-4743-9028-e3955eb49712,false
f176b697-8cbe-47e5-b286-57482a75a158,false
ba94bff9-3125-4f2a-bbea-5ae31cb47765,true
b185c7cd-684f-4e34-b3c4-ec4ba9cf288b,false
b6daf4be-b054-4580-bbac-0388b36890a9,false
3c598503-ef5d-44ff-9873-77bc93a13a31,false
be2efbf5-9ef0-4cf2-b2c6-e7e909dd85ba,false
f8920f96-834a-498a-982b-fd0f2a557700,true
bac13a7b-21a7-4fc7-bf4f-794975f13b36,false
d50e492f-6b2c-473f-b73d-58912d25a1fe,true
a2532d8a-aa43-4c3a-9a19-d10cdaecab2c,false
7f6dc1b5-7ce1-4d8c-8595-3027e3f0968c,false
5b35418f-d3c6-49f8-a685-d2a124fbe9e7,false
21dc6c04-5d89-496b-82cf-0d1ae3a0a791,false
2e5408b3-f5f2-4530-8d3f-535e8ea8fd0f,true
e23d224d-db1d-4d76-9695-e1f3b9a08a9e,false
be559e89-ab61-4668-96f6-e8b6590ab1e5,false
abe8b760-7852-45d5-b1ee-150147726083,false
96aac8b9-624c-4be6-89e5-5fbe2273a009,false
ebf9bce4-2415-4197-933e-f18a29069ccc,false
cd28f6da-26dc-48e7-8073-4fd84c5ac8af,false
68e7676c-1211-4ca3-ab27-73b3754b01bf,false
d50d346a-cae9-4c04-9869-9712237e901f,false
6d6c1701-02d9-43ac-9e80-d53fe0606d30,false
95f1fd40-7731-40ac-b4ee-6646d856ae72,false
362cca8f-399b-467b-bb98-9dc692823b4e,false
264b25f8-204f-48de-a1eb-ce15ad9bbb5b,false
00d62613-24ce-4cbf-923d-9f3ff89deeff,false
f48f5f3a-98e2-4070-bd61-14136384b24a,false
e3b19a26-fa16-40ac-a556-4fc5d26e95a8,false
8d6c862b-f8e0-4e5d-8834-be78fd1b56a7,true
9b979346-83ee-48fc-9637-fe3bc29b91c1,false
a440ada4-853b-497f-8ed5-e181e087bc3f,false
3eadf439-0066-4c22-9353-a993d0a1325c,false
0df4622a-118b-4f93-8620-dd17c343ef27,false
1f99d008-c442-4908-8571-0fd38f2f320b,false
311b6559-9786-49dc-b80c-c0c7d196c22c,false
ffeb0d2c-9a82-471a-8aa6-e53ccb2f8396,false
af5a5a48-bf5b-4e24-bc32-5db88a88d886,false
06364322-9530-4a33-9049-f493d8e62db5,false
91fe88d8-c0fe-440a-a972-e76e4dc03002,false
f87371e7-2acf-4924-ac6f-d8c63af1768a,false
a2f97d0c-d27d-407d-be5a-11c6ebfcb48a,false
446e6a78-9c66-493a-99d4-10a1b0f5fc5f,false
c4716218-675a-488a-ae66-b7d78a6b3b16,false
116747fe-67fb-4591-b357-ad1228b83d04,false
d022a863-0b7b-44ff-8dac-51d07da02972,false
5204d4e6-f469-4301-9beb-e16196a628c8,false
b5094594-20e3-4d72-b877-595686cd0bb6,false
5ec5e120-26fa-4e0b-89e4-7d30e8df33fb,false
5a91c0a4-e133-4fbc-9797-04e149b56754,false
a4cdefa9-a814-43a2-8e6a-39e65d3d24fe,false
cf3b5775-0e29-4d51-852a-1937afe1e5ae,false
2b9fb640-69e4-4790-bb99-aceb33da25cd,false
d0b32bca-6192-4c3b-8e75-f2d5cb03717a,false
eef52d5f-df3b-44c4-91e7-a814eaec138b,false
85a67442-993c-4904-a3e5-8746aa972e9c,false
f19a9956-fbd7-431d-b466-648310680ed9,false
416e6e5e-4779-4e4b-a917-ac391623bf23,false
f7fb7a94-4ac0-4409-b155-d787c096b1a9,false
4ef9b541-94b8-4abb-924c-f356d666c2ff,false
d109c5fb-ef3d-4a72-b39f-df9546932826,false
64ff3cf4-0edc-4f59-b51c-7b7290b4b091,false
8540f3cf-8f93-47ca-ab1d-914f28b21853,false
598bb258-7828-4d54-994b-a9732bdc90d0,false
2725bbe1-7493-4519-9bee-0c67d117157f,false
9dab33ae-2091-479e-8d23-b10bca0f8c63,false
1cf93ab6-e2a0-4cfe-9f47-d463fff205a1,false
c0fd4f23-df89-4be8-a382-926da2c898d9,false
37ab0647-d8ad-4986-96ca-895869a504d5,false
22230cc4-694f-4961-871a-4a7f71d6af82,false
d06372ed-5214-4702-ac2c-4085d9e1d2a9,false
fc74a424-2025-4069-a4fa-a825cdd86586,false
2cbb6c7d-516a-4dd0-a4d5-ceb9794714b9,false
a78fee9b-383c-4af4-88ea-3e7a03f6c463,false
bcc59eb8-aa46-4566-8a65-15d6bc284b5e,false
8646f0de-a173-426b-8caa-fbefb2688e6c,false
39551d7b-20af-4325-a952-8dd11d0fc6ea,false
42d5cd65-c0d2-4ba2-b125-ef4b163ecd33,false
a558f2a0-61d1-4a34-86e4-0f81e02ab9b9,false
489dceb8-f6d0-4077-857b-4b876efd170e,false
f75678b5-614b-45cd-8cce-701796646376,false
4ed204af-fc16-4b7e-9d57-7877758114d1,false
5d14a1d0-c2e3-4cac-b674-aeae11447af7,false
70fb7f54-ef1a-46a6-a769-76b70c2ae545,false
fee01354-4519-4b19-abfa-70c597768bec,true
e972f68b-70e3-42e3-9ffb-73f6bdb44e89,false
2e325d77-6e0a-4356-9dd3-a653abdb6364,false
54adbb1e-3362-4743-ad0f-b6c435346362,false
0036371e-ad15-4fc7-be0c-8fac2fa2bdbb,false
28e78480-5b8b-4269-a932-0d4dabae0a34,false
936fc693-bef5-4c7f-8938-f16a3a72bf8f,false
e2328d11-8569-47aa-bd61-e1d6c226f499,false
0f36b365-840b-4298-a713-50b6969ac816,false
7a59ce21-6783-454f-a1da-d6e2e4c977db,true
80c3f11e-89bb-4939-82a4-bc1b02ada3e2,false
b323aa3b-00f1-41b4-90c1-4571eddb5fca,false
a8194904-2c63-410e-9e74-31b516f87d95,false
326c740b-b035-41a0-90ef-9025f1aa91db,false
2a1cc2fd-1437-46c0-a1e0-585b7b15d146,false
8d252bd4-977c-4333-9a38-4eca8bfbceda,false
600e10ff-01f6-4b25-8858-f1a498dcdd20,false
8bc4a524-75b9-4ae3-a269-a1415adb766b,false
b206106f-fbe2-4de1-9c85-4dbf085e351d,false
69a9c9a9-09da-4742-a053-089d1d35f78d,false
efd3b410-d6b3-48d1-a0cd-b9dc41e96531,false
5ed29caf-b758-4718-8ea7-483a9ccb44bb,false
251a23c4-08bb-481c-be44-784d7235e2fa,false
334248eb-931f-446f-95b2-b85f70363dfd,false
fd19db96-6059-4f76-85cb-1d5acefa7efe,false
62f2e17b-1b3e-4055-8fc8-8aadd8cf7004,false
f147c8a9-a24d-4756-b87c-992ddadc4c08,false
3a1403da-65b7-4060-a849-dd49d9d8146e,false
6db821b5-1ada-421f-a369-133c1e67509d,false
c52e801a-90e9-4c67-b3dc-eeaf9db65882,false
a278cb0b-e592-4ec5-b9d4-42000419726e,false
20861419-24cf-4176-a50e-5b84111964f2,false
5eac1e9a-8475-485c-b432-dc94ec2e8fd7,false
3fbd78ce-72a4-4442-8d56-5b039539859b,false
d46f6bbd-a0d2-42cb-8598-5975c68d454c,false
1f7acc97-fa84-4d07-bc60-27cac0ed80da,false
837f6d8f-d5e5-4289-91ca-521635512949,false
4bc6ed95-bd76-480a-89a1-8acbb0a97714,false
566f28cc-22eb-4a91-9e51-feb9aeb16a98,false
e2f93891-8a20-46e7-8b82-f298594fecaa,false
bdf1efd9-bbfb-4845-9f56-280274cd3eca,false
0fd2288c-56b9-4607-ada7-230ab9d7c3da,false
a8af0c89-7314-4a71-bc7f-fc4865fe4e21,false
a8f91cb9-5726-43f1-9c07-f84c7c1086dc,false
5905dd6e-c6ca-4126-90cf-7bc41e7a6f86,false
801a4ec8-c013-4c58-b905-54101de71fe8,true
0a0ee14d-3cf0-4022-89f4-7bdc6f35ea78,false
0070e7ef-a4ef-410d-ba37-e9692435a9eb,true
6e477a2c-42e2-4516-8985-185039094d45,false
1de71041-60c3-4e61-8257-1569aa9472da,false
9cfa62bd-4c34-4ad0-b780-c47d1802b228,false
66fbdce3-4058-4ac9-80c6-7ef5c0e4166f,false
fffa683b-5720-47a9-97d3-ed39145a5864,false
4f98a27e-bf15-461d-a1fc-d1f0a951536f,false
98c390ec-e877-4595-80e0-2c3572e63f44,false
6dbe77c4-dd26-44b5-bf30-c4381c70c240,false
d772475f-0305-46fd-90a0-57d4a48a4477,false
84de0700-f656-4528-bb7a-e45fdb7cc5c8,false
56b2c715-38ed-4db1-a1e8-428f0cf761f4,false
7d4f73bd-d45d-4c34-b313-ff6ee090da6e,false
754f6ca3-4665-4c3f-839d-1197cb3d6bf6,false
edca5c10-43ea-4ced-8dbd-37b57bd0bfbc,false
2d27f381-6b8c-4ad6-a74e-21cd1fd293f8,true
11b1dfa7-d2cd-4807-80f0-a58787befd3f,false
fab2846f-5031-4deb-9825-55f74ab81d78,false
8a5f1037-a6d8-4ba5-8852-db41f151bbc6,false
d58a7fe4-eab2-43e7-bed0-6f4234f679c6,true
c4196f9d-7f6a-41a8-bb37-4c0e5ba5a0aa,false
d2857993-900b-4125-bc62-e3b1bd180a58,false
27469ee0-089e-4b41-b4d4-17d0808f8fc6,false
aef19d0e-68c2-495b-8de0-fa1c72189bcf,false
ebd82afc-7ec7-4911-a7f0-9f3a6084f39e,false
79287f21-fcee-475e-a0b7-6a70851c6779,false
0c5fb1da-c052-4791-a6e3-3f0f8576013a,true
ea11b07c-e980-477e-a580-1c1902f201e4,false
a4e0b252-736d-48cc-a404-81dfaf0fb01c,false
49ec9573-f32b-4305-8220-24ae0fd7f687,false
7cd12ddc-0028-45d2-a326-e0e145ded836,false
22bd110a-8e24-4c09-a4bc-e9cbbf1d193d,false
f91439d3-42ac-433c-b57c-7a4887c3aa65,true
123196b9-9274-4f71-8219-f11f36a8f6ec,false
2773abad-325c-497d-959f-c2d3e7cef726,false
9752dc9c-c29f-4ae9-9116-b3130ed703d5,false
01db260c-7663-45c4-879d-808b43eaaa86,false
d05ff000-a1e8-499a-bc70-2a335eea7be1,false
dbaf11d2-4b4d-4862-beb0-546d7537f54b,false
61bb0199-b1eb-472d-b2b8-f6dd93263db8,false
546363a0-b3e1-44f0-b80f-58de15145ec1,false
f2059c25-5326-4424-90a5-bf63627da92c,false
3d045d76-287b-4885-9fdc-57829b3c1a49,false
2116fa0d-e0a5-432f-bf75-b5e94669c841,false
741111bb-af5e-40f3-8ff6-020b62ca9091,false
84e78455-ddb7-440f-a69a-62fc6a8a1a41,false
d746d9af-0ac9-4ddf-b08d-414d069f753b,false
a30c909c-3c09-4e52-b159-959332b4ab17,false
3310c97d-e6dc-4815-857b-cacb0342b674,false
6c028c45-060f-421b-8ebf-e40a2f6cacb6,false
50be25d7-8d44-4e0c-8daa-61e51c0bfc7a,false
8b7ff879-fc86-4cc3-adb6-507ce20be999,false
4a349c82-7aa6-4723-9e81-0a83c4963bc7,false
5b512802-5d4e-40d2-9b6c-b7f3b91208d7,false
4a255444-11b1-49b0-a03a-5ef67c9e6c6e,false
535c37be-9576-4466-b8d9-e16af5527ab6,false
4c4aefbe-ad99-4c55-878a-647239093307,false
1c6358b0-252b-4c1d-b8fc-ac64701db96d,false
7856f6b7-b65a-4cb4-8739-4de6d599b48c,false
2faaabed-5805-4ae3-975e-6b81a556781e,false
6b3d2e59-3563-4464-8f98-c39be61ff63c,false
0fc77ed4-e9ed-439b-98d6-731f195cc185,false
c6fa7efc-78cc-4878-9d4c-b4e2574a268c,false
6f7be176-56e7-485e-b4f9-069fe68e8ced,false
6ba5dfae-7215-4ffb-80ed-bdd6f1fff369,false
d479fd8e-18f5-4ddd-8010-a8c69a588349,false
960452aa-c8cc-4122-954f-d211151ec05f,false
ed0a7663-8df7-4a8c-a517-c890a3c24f37,false
f61be15f-d301-4a15-8283-a775b7b1bdad,false
d9e50d34-0348-4fc1-8ec7-e0e27fa180bc,false
321b7e40-3c84-4fff-a49f-403a3b8401df,false
0a061f53-6d0c-4dd6-b72a-cc30eba49538,false
4d085208-345b-45d5-8005-e157293caf2d,false
d8e7b63b-7eb5-41d0-af2a-a5ef7fd35d3a,false
a2cdd875-71c4-438c-a425-8466a840ada7,true
c81ad195-60c6-46c9-a11d-f7a74087bae5,true
c727cccc-08f1-407f-9387-2d91a941f7d0,true
06c2d803-7140-4026-8069-184c966bfc6b,false
18de6c33-924a-46cf-acbc-f594907b2925,true
540de100-c32f-4d3a-b11d-278fbe6fcbe8,false
8f397438-4274-469b-b2ad-417938afeffe,false
fdda18a7-82ef-48a7-b4c6-8a48845e61da,false
c6a349eb-9d8c-46fe-8286-ff4822d28c81,false
e2fcfe1d-d930-44ba-a706-1fc7290e1216,false
f350a616-2bd6-4930-afbe-83cb0c281991,false
7925cffd-088e-471c-86e3-ec33b5f3c9c9,false
e03ce264-8555-46a4-9a19-4cb33252c232,false
49bb45f6-e203-46bd-8c59-77a75f3bd8b1,true
b4674ce8-02e3-491e-b5e0-9ccb8d6e3a9a,false
7582caa2-121b-40ba-a273-5fbfc4e11275,false
a08d9160-4b69-486b-9f7d-7c9f0a3b8f30,false
d24e43d2-d273-4fdc-afc6-9a02cc6bbb5d,false
2fb7d5d3-bd44-4c92-b808-ccf77cb2765f,false
444de400-a926-421e-8771-f652f99e911b,true
c250deb5-70ca-409d-a724-64bdae374c8e,false
1c196154-e928-41f9-8f57-cf70cec52222,false
3fe4fdf8-1287-4d7a-99ee-7dab2958f921,false
ea87e9e7-9439-436a-93b7-112898ca0b21,false
99d3f7f5-52c3-480a-afd8-6d347d22388a,false
b9a041fa-344a-4218-9b8a-75dddac22c45,false
d064db45-c3cf-4e41-b88a-80372a0bb09a,false
fb164477-9a37-46a1-80a9-6fa68304ef0c,false
1593cb51-dd4c-4b6d-9a43-c01c39641f25,false
987c0402-4ff2-426e-bf67-23581c122c0b,false
85645c56-9375-4cab-97e2-c1c15776955c,false
f01b0e34-6e31-4c03-b454-81f1d89ef1f6,false
1914c422-4f8f-4659-8bd3-ea56cd51ca1f,false
91278b33-d345-4a54-aa60-b11e6db84244,false
d38f9833-3566-4c56-a076-c291236da238,false
0ed8eecd-bcd2-477a-8c9d-ce8e7765d9f7,false
f40e1b62-dfcf-4fbb-9584-74abaaaff7d3,false
3696b795-cb51-46d4-a4a6-48fa46d98fb1,false
53b78b5b-f5eb-4be1-80cf-6520d0dbedd4,false
ac2ca1bd-a84f-4abc-986a-8a4ed9e29259,false
2dd4aae7-1c26-4835-aa47-e16f9d2b20f4,false
6d7495fb-fe16-48b4-bb20-d234ee70820b,false
b2297016-c555-4841-ba50-59f537634a1b,false
0240becc-cd16-479d-b4c6-2473cdbf93ca,false
fb42fa6a-27b7-4826-99a9-f9bf7a20c1bc,false
80139ba1-f351-4632-9499-2f4ec2938f80,false
892e1da6-94e3-4121-925b-53acc5cd9f9f,false
b02e09ba-ed8d-41f7-8bc9-68f35e282a13,false
dd0c3f4f-cc0a-4a26-a3b8-ae6e1f524621,false
de29a508-9c6b-41d9-a92a-dff9d9cabfc0,false
608bf544-8d2f-4760-8f71-353ad9b0f296,false
9dd3b9c7-39fb-42fb-b0f9-3b133551570b,false
84060e4e-9be5-4400-86ba-fd6412a39710,false
e335c783-9cd6-43a6-96d5-e028b1c15c55,false
e5dc84da-edd9-4e08-87a0-8a882ad0b1ed,false
f13448da-6a11-4f85-bda0-3deb48010178,false
c6b370fd-74e2-41fe-bdc9-e0287ab57fd1,false
d8faa1ba-f5f9-4a2d-8e2c-aa27474ac8b0,false
9be20c34-fa51-4311-9561-5dfbed6bee44,false
7276f961-3697-43db-876e-6c88edbd1b17,false
a0c46004-e89a-494c-b984-290b9a2cd51f,false
54907978-0646-49b8-bf7a-6280322d3f2b,false
b7266770-7650-4abd-828e-4446d1b1f3c8,false
476893d6-9fb0-43f7-9404-0dc80556fceb,false
615ab01e-2cd5-4d77-a818-db0be99dae3d,false
2a6b6466-841d-4877-9b96-15ee5364d228,true
8a74bd19-c7f5-49f6-b545-4d7c8e1fb2e6,false
81472c73-7598-4f5f-8d38-5aa505f33c84,false
c7234ec5-a8f1-4226-80c6-9a2073104949,false
30282f7b-5a82-45ff-a2e8-570528d0db53,false
bcc683c1-d199-4e97-a048-a53def7df55d,false
91ff299b-9c26-488d-820a-adf30718fa23,false
7a59fd1e-211e-48bf-ac06-72969e28bce5,false
3253d71f-427c-4334-8ffd-af92bbed1942,false
693f0644-dad3-4ab0-ae8c-82d747aa7807,false
c777b0f0-2c8e-44b6-83c9-a992d49db783,false
c29f84bb-17d6-4de6-b972-2d23b8bf62b2,false
8a63f5c7-d6f5-49b6-a549-9cc9fb3c6a0d,false
0c745b5f-d740-4fc0-be2d-00d212389bf6,false
faa021b5-98e5-49b0-bbfc-9a83f487957c,false
bfcff8c0-555b-435b-87d9-04a55d5ba9f0,false
ac87df5a-0928-4680-ba36-19574b5d44d9,false
b69fed3d-0a53-4b84-8965-9030aebf9ee5,false
1f28f6a8-e7f2-4cf1-b2f2-6d79cf9b9713,false
3ed2750a-75d1-4554-9eae-96d9870a96f5,false
f0a75e90-ee59-4504-a932-93e435b9df78,false
3ddac3cb-455f-4e8b-b683-eef86a84cce3,false
1f3580c2-45c5-4213-bde2-5cc4c1acde34,false
526503a2-f077-4b50-a890-cca3294b0fff,false
3cf9f1c2-3691-4f13-96f8-933987fb49fc,false
cebbf756-2c8d-4801-a056-045e9985edf8,false
8eb155a1-a7c8-416e-af8f-4b3df72f8c9f,false
aa1f890b-8a9e-4fba-84cb-33e6fdfdd8c6,false
5221a2f8-ed4c-4274-91cf-b09436acad81,true
f00c6f90-3b92-40c2-9c83-9d9b874b0965,false
99c78ba0-94b8-40d2-b70d-0190bbdf8e09,false
a8131253-066f-4462-a3a2-8092590a04ac,false
f72b5efc-9e6c-4760-a897-4b2458afcb4b,false
b726cd26-97a7-40cd-93ef-98c2f8d281eb,false
323e1aab-772a-4508-bbb2-ba66bf1f1f91,false
022e852e-6a6b-4c2a-b8b8-7df19eb48458,false
4e99adee-e399-4cd6-9752-73d281b8fc2e,false
e98d2584-2ac5-4c98-b811-4cd963cefb18,false
0727fcee-4906-4859-a1f3-767747d098aa,true
e289590f-891f-434e-adeb-4ceb4dd31258,false
8766d95f-a25e-4920-b603-f4a636cfcf6f,false
b57ad2ba-003a-461c-baff-9450208cfa9c,false
4cb61000-ca62-4ea4-b082-b36e956a8ebc,false
34bf71ff-d32e-4649-8a0c-9e34e2651560,false
49593588-ca1a-491d-9f3a-d6ce98419d9d,false
1fe7818d-0e33-4609-8d29-f9c47bc6c9d9,true
2b566f10-7491-4df3-b6e9-440066678351,false
0a05f40e-9d41-4d68-810c-9538a14d0b48,false
851cb84a-d3d3-4dde-83f9-ff08cddf57bf,false
643c0200-254c-4143-af15-948c6c726376,false
b7bd45c4-b349-4197-a7be-12e9eed971ed,false
b14ec711-2370-433f-aef1-28fe96bb59d8,false
902ad8f3-c907-490a-b725-c58fad0de38e,false
73412526-9907-4398-86a0-79feadf2ce78,false
102b54d1-d907-45cf-b483-3a5226c3a5b5,false
e4f4f3cd-2268-4677-8c85-729f431d7952,false
895ee8bc-fd7b-49b9-be5a-cf462d2a2902,true
d5679823-e483-41bb-ad2b-24eb1f246cd4,false
45000a85-a229-4a38-bdb9-1628d08de927,false
814f0682-8c99-4c95-814a-ce393a90c01f,false
9b8011ff-ec3c-4da4-8a20-4be4cbdb252a,false
c4817081-9cd1-4824-bf7f-d74ee4d24df8,false
9d320adc-a15f-4edc-91c5-2776d3f9a7a7,false
194e8003-2487-49c5-aa8c-c6538c40bd0d,false
45147783-557b-4700-9063-186380289968,false
01141b25-4dbe-4dce-8212-59fcdfb6e8c5,false
880c55d1-fd98-49ea-a543-6b92edb6109e,true
e21e00c3-efdf-4f57-a819-8bdf7360d571,false
65f0d716-027b-40ab-95df-1b8b3580142f,false
5f32c78f-2fac-4b92-87f6-6548da6a1f32,false
61ab24d1-6abe-46d6-85e3-603fd92d46b6,false
8f8a57e0-6037-4d2f-ad68-c760606a70f9,true
13a1068b-7460-4eb5-850f-44a843dd5cf6,false
1b0ece14-c46c-44b4-bd26-cb38e0f3b318,true
2d75a3ac-e48c-4c5a-bb21-c9672e2365eb,false
f41c4ee1-c004-49fc-90f1-37fa41f573e1,false
bf96325a-114b-45b2-8d14-cea763198223,false
837241ae-4269-43df-816f-6de697d91337,false
4b02511c-1d07-4b55-859c-8a9a309de797,false
e2f38c8f-bc80-463a-8caa-5ba14641d9f9,true
925dc073-cc04-44f4-851b-7d7a6d217977,false
c6584be0-6d8d-4cbb-aa0a-7c4a28c14311,false
5b1b57fb-3160-4300-a05d-547b18225415,false
cbd47a8d-eff2-4554-9e54-3af60f4c9145,false
b46146f9-f49a-479d-b44e-35115518e4d5,false
bbe0321f-7764-43ec-9140-55e4e1da3220,false
452031bf-0f67-4cc4-b392-6dfc8243d827,false
33348633-e4c7-4070-80b7-99e8bd20db80,true
04ad270b-8bda-4ff8-b2ac-74f4ff2d2bf3,false
034f8f95-5f6e-4e83-9efd-0155cea1734d,true
4adf2fdf-5455-4ec0-8512-94976b60f6fc,false
a201dca5-0947-4b02-a68e-9f9df89b491c,false
9113cccd-fc15-4ef9-b7e8-94652a56052a,false
d609e5b7-e532-4f8c-a88b-a481a743df05,false
51b8b23f-d4ae-4e39-abd8-3c891103fa73,false
b19d099f-c96e-4aa1-b5a8-3f775782a034,false
5c2d8099-f410-4e40-9168-9f80d848719d,false
a2dfad25-446b-48be-ad70-849b1e85ec82,false
d50accb2-f6c1-462c-804c-402a082d65db,true
da554f56-fdac-406a-bc09-df6d0e16be0b,false
23e0b136-e16a-4069-aec2-49813249ce70,false
13f656a6-6614-4b5e-be3f-906cdeaf52cd,false
fe62a7ce-3227-4b15-9655-f7f36342ed20,false
237c63c9-6b6b-41c3-af3d-f29a85ba8087,false
c9276e02-a201-4f4c-89c9-7ffa14d6cf0d,false
e13ef197-b840-439b-9415-93083d70ec7b,false
0ed58f3b-db99-45b5-8d11-82a65cfd61c8,false
a36cd715-869b-4526-9b8d-b5c6a2f9d926,false
43cc556e-38df-419b-999e-cdec53f20b85,true
ff8e946d-39b1-499f-92c0-549322732714,false
bde36a00-2ecb-48a6-b623-3d148d4ca6c0,false
5f7290f0-3d1b-41c5-b7b0-a261bc051609,false
7689aeb1-f338-482f-ac2c-87cddfb83714,false
e088dbbc-fb3f-4249-8179-afa705183b06,false
2815cb2e-e09e-438f-a7ef-2f4cbcdec90a,false
572201fb-3a45-470d-bf37-d01b85ec165a,false
69a21f9c-6c0b-4349-9e1c-795b8809e39f,false
8b6d4ab6-03a9-48d7-b0c6-176e786b92f0,false
ef41a60b-2cee-4629-9526-5e3f48db5283,false
86ce7ca0-461e-45fe-9f1a-b7c9a34ac0f0,false
e5d63d78-196c-49b3-984e-356ad61076e9,false
5cf6495a-3d98-4217-9b97-ead0fb37f15a,false
7a5e0ac3-3006-4b50-b67f-f43eeab34e28,false
f6bff5df-da73-43bd-acae-e1ef3ed92153,false
374d3043-d713-4599-8fef-73bd4e0bcfd9,false
fd24def9-3ea4-4005-84cb-bd55f90bdcbf,false
197e0726-664f-46a2-a6cd-4e1914ac5b4e,false
df56cdab-cfcc-4eaa-b40b-71f3287f856a,false
f171c4f4-bef6-4b4a-8a56-87b8facab5d5,false
d2f4b20e-e129-4026-9610-8d6aab1b6ee3,false
e627bfc7-57bd-49a8-9584-47e2fb7d1b0b,false
564d7431-69ca-4e91-b16c-762a10e27d7a,false
61960517-c276-4a40-9d24-d084b783f76b,false
f0a3ba06-0e4d-42e9-bb35-6acb8c2442ac,false
28f5b528-5970-4b8c-a58e-fe123cd58a91,false
ccf59eed-3da6-494f-a2c1-10f52c8a0bb7,false
cf05fda2-f1fa-4eb4-8152-3df09f08f8cc,false
91a90c43-8652-478a-815a-d115f2b89b69,true
c987e311-5173-427a-a78e-a2dbf7eec1e1,false
675e07b2-3479-4de6-8358-05fd10a0cbe9,false
ca2c4587-9c60-4b68-b400-dda6e6b20079,false
84954323-dcf2-47ff-9a99-70c258908a06,true
ebdfa7e2-f293-4fa0-a9cf-51948df84477,false
491518da-5165-4109-ab97-21c7f44d88d1,true
a06f9678-642c-4c4e-9348-3ac9ad17cb6b,false
bb667b76-184c-47db-b4af-e1d333927bbe,false
53c368a9-f429-4a7d-959a-28a7b45f486d,false
f55ff71f-455c-4f65-b4bf-1913a4314da8,false
754a3fd5-b37b-449c-9e55-1cbfd4d36abc,false
c122cc4f-ba29-4713-b2d8-523b8d3da00f,false
4615f046-c97e-4b71-ae80-ba262811eedc,true
485ae3c5-db91-4bf2-ade7-cef5cd4efb7a,false
421dff8d-c11d-4056-a9e1-a43af3d8fd50,false
873f287f-d390-4f63-8653-3aea1da1ed9b,false
a6953141-aafa-4365-a981-34c17d1f21c2,false
1953eb8c-fe51-42f3-a2c0-013b545df29e,false
173298dc-366e-4543-89b6-1366703ef4ab,false
8315bbf3-6863-407e-8d29-7758bc6908dd,false
120db797-acfa-4d2f-9d32-d57f744a01d3,false
a5534473-520f-4085-bec4-7a1ed1cc4100,false
7bd35b7f-4193-4091-9014-282b91e23f6c,false
b0ad70a0-46f5-4688-bbc2-40f43814bd27,false
64997bf3-8c1d-437a-8b13-14e748a77196,false
33a98a72-2a54-4ff4-8d88-7c82a6dbec1a,false
5db91e7b-730f-4f10-bffd-1761ed8e46db,false
800f032f-bb7e-4f2c-8468-48d8b2e05376,false
39edd7eb-29b1-46f2-a4e4-7a73fae7ff7f,false
9d541779-4015-4d71-82fc-157222b49713,false
c2e7aad1-842e-44fc-8f1a-7a66fb404add,false
ddd1776d-b99f-4e18-bd77-459f0a164d49,true
ff51a2f2-abcf-463a-a9af-e675fe2be0a7,false
d58fffef-7808-4631-bab4-ef71a47d1b12,false
1b5731a1-6958-4d02-bd8b-d70336828fee,false
8a08c554-e2e6-49fe-9d38-89b9cf7a5227,false
09946445-17fe-47e7-8b54-66bf2c5f650c,false
4fdb60d7-9ada-4b56-992c-699db9affb84,true
d5d68dd7-0f33-4ebd-95a9-983bcbc29629,false
32e339a9-581a-43e6-9d4b-d3d7d48a7f2c,true
69c1c7e3-2c3e-4592-b4e3-6860ef0fd977,false
f3e71650-3843-4af7-a2e0-79d1b1c75bc4,false
47c9139d-5edb-4492-802d-2943bad2c1ca,false
5a5ca5f1-79c0-4104-82bb-828c38e8da4a,false
71b055a9-07f3-4c3c-a299-f50743ff582f,true
e419ffd1-1890-40ca-afaa-4fc4934bc168,false
e9732a1e-da55-4c25-ab08-8e9a1e0f2b9d,false
f0683866-83ea-4575-8f75-3c627cd1e2d2,false
30dbcdba-d95b-44d0-9297-91bf0336a377,false
ff6cea3f-1821-4a05-a806-9a1aabbe0bfe,false
4039d59c-7c35-4af5-aa14-2b5e823cbb59,false
1da3d120-e9cd-46a7-9e6d-766831aa3316,false
c59fa0b3-7cc5-49de-8916-35819315c8c5,false
caab3b22-ff86-405f-9985-951cb08c35c6,false
5e73d9f0-99c3-4a4d-a1fa-8cad858de613,false
086711f8-df32-4a02-a22d-c2b701255546,false
e1091b8c-2028-4fcb-995e-6327e0d16743,false
628da628-9164-4602-a04e-6ecfcbb278b4,false
bce65b31-3987-431f-8e28-ed7940229930,false
c01439f2-1256-447b-860f-78ea09ce7fc5,false
6d8d9acf-7f87-4837-9ce7-61384e8f9dcd,false
703d410a-0eba-460c-b59e-1da0fca4b92b,false
af2a0329-17cc-4e13-907b-06767e894567,false
7ff1539d-ee58-4f74-9c75-b19547eb457d,false
2dab7fa5-7cf7-41e2-9f3d-ba563595b0f0,false
92925bb7-da93-42f0-b39c-cc70d07df250,false
f1b1d278-5806-4243-ac27-529c69261865,false
cc16f476-475b-483f-8982-ab1fcbdc6160,false
5ff72057-3bb1-4f82-a72d-0faa6d0e8e73,false
83733154-a57c-40f4-8824-eb9c3447168a,false
dc9e1d47-aa1d-4da6-9a1a-088b3f68a15d,false
81f60697-80d8-415c-8bc4-b92e8d3f43a8,false
a1451297-1143-45ac-93d6-e9bbb42782fb,false
e8406ff9-0117-4b60-ae5a-af437af93033,false
850ad495-7fed-4d68-9c70-4d52e347c0e2,false
d690060b-7c87-447a-b5f1-6c2ec3942fef,false
611d332c-d2fc-48d8-ace2-20715d640da4,false
b6214a2d-db55-46b8-85a1-e4e40097dfdb,false
b0870ca0-da54-4f9c-bd52-f52d494e97c4,false
2674e84f-90c6-4472-bdf2-f807bf8f4aa3,false
9b661bf2-4f26-4eb5-90c8-3d861d965ff8,false
3b1540a8-ca71-42f3-9c3e-0b29f642263f,false
16999568-4b33-4291-a5d1-21febc186770,true
a04ffb6c-d995-4376-adda-a8df3d41bb0f,false
10632b42-485b-40fe-9ae5-b6d71d355141,false
a8d4e0b3-1bac-4688-b8ae-e68892a5115f,true
ec80ea9b-a7ec-4362-b233-8ffc1e22716b,false
bc9663c1-e20d-4b58-ad9e-7ada9ac4a815,true
0750fe79-7f85-4556-acc8-0ab6ae0d0955,false
7df1146c-047f-46e5-99a5-a6f67a6e00e3,false
f927224e-3767-484e-b382-fa08087f9205,false
8f9286ee-e318-47e4-95ee-b4438aebee3f,false
684b9a21-2a20-4d8e-bc31-3c747e05fb94,false
a18e8d70-f409-4a52-9961-a0bfdd0e7275,false
62325ec0-30d1-4bad-be56-f3847b6b47fe,false
a6f64bb9-7200-46f3-8bd0-e0d9fa4600b2,false
18880abb-1e0c-4f43-a295-424bf1ed19d9,false
83c78462-a437-4081-bb6e-ec4aefb203c3,false
293498a9-e2bd-4452-a8f2-58dc5e822ffc,false
4348079e-32b9-42ea-896a-f4da41c3b343,false
e9053ab5-290b-48dd-8dda-f717009edd5b,false
c38821f8-29c8-44b3-92b5-eac7a75ba51a,false
826945c5-bac3-498e-945a-aefd1f5bb974,false
ff4c2812-677b-486a-a689-fd2138c07c76,false
7773bd48-10b1-4eb6-81ae-badafaadaa77,true
eb7975e1-0e66-49ef-b7e6-12924cc6ce41,false
81c13ca5-c723-4df9-a7dc-14c1efbd8881,false
0efa5d9d-a60a-4010-ac0f-250a6f12bddc,false
2544428f-c89a-46ee-849a-e39b5f05b542,false
31f719cf-35b0-4a0c-9b3d-b53786f17621,false
c9567b62-f9d8-4a74-8763-ce4d0e263737,false
b082e94c-48c4-409d-8d75-8bd8a96891ec,false
3e0ebb66-3c78-4c42-ac27-7f0a408e820b,false
7d62728b-f03c-4766-ab0a-59e978077abe,false
364765e0-abeb-47de-88a4-48eea80f0511,false
1e650925-7ff1-42d7-be18-8636c9146efd,false
6b774bf3-4e52-49a3-b767-2f5c40784930,true
a31616c6-8bda-4c81-a9c1-956360d26995,false
667406e8-e1ff-4b81-8932-9606c90f485b,false
ddfab96f-3c73-46b8-a0e6-951bcfe74c1c,false
20a8addf-2425-49fb-b5a9-48dcae5eaef5,false
222d83e8-205a-4b87-b7e0-5fddf61c92ba,false
b6a201cc-1d81-4dc6-a6a0-7a549b7e43e8,false
a4995a33-c0dd-4b1b-8c2c-1f25edf6953b,false
4b552da1-9a2c-4d4f-9651-4df4715720a0,false
998d24d2-611f-49fc-89d2-b9fa3332c25d,false
db744182-36aa-423e-b2a7-ffc242163e9f,false
1a3c6e52-e7b5-4c65-9cf9-661d6755f26e,false
88a98540-1a01-4c9c-b993-c5518aa8b1bf,false
b5d7f90d-5d40-4132-9c98-5fb99e7bd1db,false
7ae2d9df-ed6e-4d54-a80f-d799942d5374,true
d89078fa-1989-4739-b504-859142a990db,false
58ec9a01-1a4e-476a-9ce5-38d581da0f38,false
4b1178d2-c599-49fc-aca2-84240268d30e,false
bfb42c88-3f33-4abf-844e-abc90e456ab8,false
c461954b-ac3f-4e58-9291-4050c1cbf584,false
f57d524e-9604-4c95-a9f3-d57b83024693,false
06db0571-cb4c-4190-9657-97dd9da238c9,true
41885f9e-4444-4e14-94fa-147c2ea98a28,false
e9a66b76-4e83-45e3-a3fb-b2569d61e50f,false
c24373fa-4b7c-4c4b-9ef6-4afc0777ba16,false
8b498196-a34d-4f51-8222-b6e201857e08,false
0ed98186-c0a9-435a-a152-69ccff59a982,false
6e934847-04de-47a4-88a1-15feaeec0c3c,false
b03d6477-a36e-443b-87ec-d8464cf68bbe,false
7362ab39-ede5-416f-bf72-b273b7d6800d,false
cf85160d-20b2-41ac-82d9-c10e8f33f6bf,false
f162d894-73a7-46d9-9bbd-6425a4c12c36,false
57d6be61-e9d9-4e8a-8de0-d72a18a9f8fe,true
1cfa6214-751a-431f-9585-8bfb0ba08088,false
a87068af-8f02-4f4b-85b8-28f89a59b183,false
885ce41e-ab39-435e-a865-553d425b1768,false
ed89d1e5-6a7d-4c0e-9cc5-2baf390af831,false
6d6f4324-7636-4684-b683-6e5648f607c8,false
577f4d60-0ef2-46f2-8e60-623978419949,false
dbe70e69-c82f-43a5-a8b5-f549d0284a1f,false
468c2158-57a8-4aec-92d8-8716d335313b,false
e9ef8e32-d7c6-4acb-8a9f-a4210cc8abfe,false
3b546110-3d5c-43a3-83f2-53d6e0101ce3,false
4e9bdf98-d046-4a6e-aa60-0866ef112586,false
8622a0be-8882-465c-be3a-55d3d6ee9a94,false
68193f91-e091-4820-b9ea-b4450c61a9d8,false
1cb18f35-f653-46cd-a94b-2c90027d2456,false
2c9d8beb-56f6-4d63-9e56-d322c9c19a7a,true
0ce17dab-7f28-4053-a452-fb4573329e17,false
105d55eb-4a6b-4703-9aab-1585759bbbed,false
02f59e76-8b94-47e0-9ffa-d835a940c25d,false
3d8a4eec-eeee-417c-bf17-05a122378077,false
3c71abd7-0ef8-491c-a736-bb9bb6d9808a,false
0f165687-0eeb-4097-9c65-7cce07ffe40d,false
a9334254-a5a5-4e22-8f66-b8f9a79da522,false
b3701ef4-1db6-4c18-8691-9d0ced434ec9,false
08fdb989-6a09-485b-96fa-b38de3cd523f,false
f4d8df36-7041-4618-a625-faaddae83c34,false
ed7e80d9-fdf7-4f93-b99d-b3c4a0a8c220,false
2dd3897e-d3d6-4c9b-a09e-cb849db000f7,false
db76059f-94c6-4e88-9133-22668d4f5b96,false
bf142a06-ef92-43c2-8d59-67e7ce0bf781,false
a9e5d04a-3566-4a70-a713-227b586f73ae,false
4e839045-b813-4df7-b3bd-2abe2f27c536,false
33ab1b12-7686-4c80-a4e3-03a5ad16a9f9,false
a4bdd2d8-36e7-4b99-b6db-833e9a5cc1d8,false
79468f10-8194-44d0-bb91-7131a237ecdf,false
e3a46520-406a-42df-894c-26906e2a1176,false
d894c031-9360-4598-8620-353b06203b4f,false
f5901273-ab8e-48d8-a22b-d09a388b02c4,false
a1cc682a-abd2-43d1-a23f-9ba2581fa08f,false
f48a5f38-5741-4274-bc71-811fad45f732,false
aefd50a2-ff80-4a0f-b91c-d825595a1ed3,false
88b5156e-56b8-4252-8547-c5dcdde50a83,false
d31c0784-9726-4912-872a-97a2769bab7f,false
6eef6021-9243-4bc7-9e60-076990f580f7,false
53223418-215f-450f-8053-d93574a9767b,true
73194ed6-9538-4645-b424-4e0a4ba134e5,false
6f118670-d523-4c72-8ff7-7881e29371ea,false
228c1a59-cf39-4ecf-af76-7c05c4598e0f,false
a9749d18-7c00-403c-93b4-6e77bbf21401,false
08b07fc2-476e-4a02-a431-bf35afcfaa26,false
c8dab346-20f2-4481-b00a-d637823d431a,false
79417128-4e7d-4e41-9349-d68a67cb9bac,false
9c1da3b2-09f0-4587-930d-47db5e4a78ba,false
fe2fda02-08d1-481a-b77a-84ea3502c0d9,false
81063382-807e-4000-9d1f-20dae5294bea,false
e4e9f5a4-c561-488b-aee0-9390f8a08c13,false
83146f9f-9947-491b-a14b-5c1bae24a905,false
5b3e53a6-7435-4541-9af4-8cc6cf748bc4,false
0b720e88-6742-4a3e-8906-94c4682d5c76,false
1a11083d-aade-4ba7-aeae-d54eae5d189e,false
dd0d2da1-cde8-416b-8417-1252a1c06bb3,false
4efb8f4d-6bfc-45c0-8be9-75e3ddd43b51,false
9f886c77-f5dc-42e9-bb92-2d50f2aabe1a,false
0896c397-a42f-4abe-a4a6-24007c000233,false
225d2a10-7ba3-4bd5-a7cb-9f5fdcea74ee,false
915ce349-8d90-4ce3-b332-9a1c5654f6a8,true
39858191-731d-4cb0-9873-bd4f6b651ced,false
ede5770c-39bb-475d-91ab-b14495232eef,false
2771dcac-db9b-4b5a-804f-3abd8171ecc5,false
d22fb735-9753-46bc-93be-6c23163753a9,false
ec389d3f-df37-4114-8799-af134d624820,false
2919f52c-ff00-4f77-8cd8-486abd4beb95,false
24ee6bb9-b00b-4c40-88df-c347a4c41248,false
c22f9b7e-c4ca-4989-89dd-24d500053140,false
48dd87d5-df27-4218-a5f0-75bc8c91bcd4,false
7705b046-539e-4675-bea4-546360659ee7,false
337e35f1-2241-44b7-8d5b-057a4890c720,true
b75d96e4-4193-4216-828c-0d69ee61bf71,false
c938e477-38e6-4689-a3df-42ce5d8b62f5,false
b6febaed-e267-49b8-b6a5-f27c117e9a28,false
16d1e2e6-d47b-4ab2-8435-60506103b797,false
fe0c1c26-1839-4328-a6d1-777886c0fe93,false
4ee1d415-1179-47d3-bc9a-a868f5a445c7,false
5207ddf5-5ec4-4bd2-bc70-4633ef964a29,false
db7d2be4-9d58-40e2-843d-008c5d1e8baa,false
da510efd-f0d8-4636-a61a-89d8e1e16443,false
c3010dcf-bb99-490c-a6e3-5acb05ef089c,false
b58fbd2d-4f7d-4cc8-8855-0d9ce1d6b3b0,false
d6c0dff8-b2ac-49e2-a759-097a98f00279,false
392ce4ca-ad48-40fa-9b85-a9d343c27133,false
13ba0759-60ad-4dbb-b6ea-7c5c94d9bfb7,false
d94740e7-90f4-4c22-8202-1ae3e2d20838,true
81f877bd-c90c-4e32-ac89-60b1187d2dfc,false
004580b1-c4fc-41ee-ae4c-985ad9845d54,false
89794dff-56f8-48c2-acd6-d3a975f2fbf0,false
8e6e91d9-a8b1-43bd-9047-d7cf65b11809,false
d43f7b49-1ff1-4bda-930d-e0bf669195d1,false
3ce22df5-687b-4b0a-91c0-f2b33df81da7,false
3f77d6c2-cb77-45c6-b889-e699b4d2ece1,false
93a7ffdd-4543-449d-8b7f-8b701fb0aca0,false
3f618b4e-3c06-4003-b417-57d62a5ffd03,false
ae733876-7c3b-4b44-8873-84a261e92e7d,true
e62ba36b-d6c7-418e-9a77-c38650b55e3c,false
89761338-82f4-4493-824b-e46091a5eb8d,false
caf29a55-8801-4af7-ab0b-c973c5124e51,false
ae528276-57ae-4328-a8b9-100ed0bb1854,false
305fe4ba-406c-4108-a170-90111ab50ad3,true
7127b7fa-e79b-4699-8b75-74a897a44bff,true
f430c631-6757-4ec0-8249-fbe6a70ba939,false
17633ade-15f1-48bc-a995-aae8690da736,false
ad604bd6-71f1-41c0-ae44-4ebb7ae1d388,false
f68c47be-49bf-4e00-a3ed-c18551773409,true
e9efaa2e-a3d4-4064-ac67-941f4fbc90d6,false
cfeee4ca-a5c4-46fd-b0a5-01017414d5cc,false
844405a2-c026-4140-ad1a-58d146568afe,false
47d64374-9443-48fe-8a69-4f4a2c06e2b9,false
05e1f93d-b709-4f66-92fa-166b7a81b9b1,false
9bbb48db-19aa-4445-8525-8e95cf555b59,false
f86dd0d1-5366-4cf8-b5d0-b22409d12cf1,false
45435385-30e6-4eff-9ec7-0930d9125de4,false
c094bf6a-d72c-4fa9-be9c-8e3e2b5a5170,false
3045b5fd-d6f7-4c88-a0e8-9b26c76326f5,false
18a787a1-9f0c-47b1-8571-e151f161e347,false
e8c52aac-9385-48bb-9dc2-607f6a474e16,false
ec284c76-97b8-4cba-a387-8a7fd3b1ec68,true
6526a674-54c3-4af0-97b3-c2e65e1dffc9,true
a69b917e-0bac-4040-be1c-617b55a14df7,false
39ce8273-c708-4ac1-b345-b19b1b6fd7ca,false
89ecebd7-9a40-4534-81cb-73538d3666e7,false
79e2e997-eb76-417e-a1a3-2410b30af839,false
55a77d77-4289-4a8a-b293-6f4f0f0a609d,false
31b27a9b-d10f-47da-a52f-df9449a95eae,true
1a568999-1e5b-4605-a01b-2d751fbcd174,false
eddecdb9-330a-4ed5-abea-2aa7805f9f62,false
b80ebfe6-b031-408d-a804-0a6835e67bd3,true
c3f26e0a-b958-4b76-86bf-15b28ab54eb8,false
ad6bb0f1-aa57-4497-982d-6bbd2040a757,false
25614cab-a939-4e9f-91ef-3f5d54816ef4,false
3e442b2d-d6ad-4a06-9e73-1843ca03d2e0,false
6f7b1339-c4e7-4323-aa2d-837bd5c87aa9,true
b6cab906-9614-4263-9e94-de214129e7a2,false
9d63d5c7-f675-4979-8437-58c55af6186a,false
e1801581-7d1f-48a1-98d9-e4c354cf8434,false
ac24e7a5-7f7f-4e09-a64c-e169313001a8,false
db7a2698-2886-4264-979d-b58d0035955b,false
c4d8c0a8-e5fb-47ff-8e24-0412fd8a9863,true
5f8d8415-1491-44e9-a584-ad4c9c33a31c,false
68ad195c-190e-463a-975f-cd2df365d936,false
572abc9d-852d-446f-9952-3e2620c987e6,true
c8862489-e730-46c9-b740-c9f9c4e89a18,false
f26b4283-506c-4b04-86d9-f683630e77d4,false
35c50732-3d82-496b-a282-4cec45199d02,false
2d5a6867-b31e-43f6-ae25-01466beead2f,false
3147fd7a-301f-4b0f-ab6c-768c90d205b7,false
ab6e8432-e2dc-4a62-b7d7-7c3ef7b47a35,true
ab0f47c3-7400-41c3-97aa-1ba3fc09f74f,false
89ad3e2e-881f-4257-a98b-0802ffa18354,false
55e0a413-9ae0-4972-b969-aa1b041efacd,false
6df591fd-4b69-46fd-9f13-a77e96e0c175,false
2a2bc867-5dfe-40b8-af13-0e20635dabaa,false
b040b877-a26f-4956-a787-2e4404ff1419,false
42fb5e79-52b0-4b5f-8923-987f29315323,false
73ab7809-e5b8-47e0-b0e7-885f67c94f0d,true
215b6dec-997b-4c0b-939d-87f9a6cbd3c9,false
8b71f124-ed6f-4c7e-a883-8b031b3f3715,false
72bd1c76-6a14-4d42-b0da-82e4a5f50593,false
0b99c2dd-dfb8-4953-82d1-317194ba1986,true
e13699ac-be8a-4ea3-bed3-c089c9198f2d,false
4bd83bd3-f745-4c47-b427-297ad9d893b9,false
b47a4bd8-c6f9-4ca1-a766-8dc10fb6f79a,false
1fd7b59a-7cc0-411c-8381-8c28e9d3c0e6,true
8e656037-3243-4b3b-a1e0-76f32e008337,false
6ad624e3-0148-4ac3-9cbd-5dbbbf3757f7,true
da1e0794-3f38-4c5e-83f2-f029cbbab6fb,false
2478da1c-edf4-47c9-a0e2-b71dc26cbeea,false
b90287a0-e73d-4cca-be28-a7d11c6112ad,false
5a3d0831-1049-46f1-8235-c897f6b705f3,false
5587caa0-6ae9-41ca-920a-0a89c9c3adeb,false
eae28647-d674-4906-b600-f1dcaeb4e2d9,false
06189647-bad7-4099-a259-ea55f1b9b2f8,false
cc91ec3b-a278-4756-910e-c03da36cc285,false
dff94ce0-fca4-4f73-b1e6-2b669ffd8a6f,false
97939f42-7deb-4a44-891d-1fd73f2b2e52,false
2f96a657-dd71-4e25-ac2f-7d20c837f8e9,false
2c2846ca-b49e-4f81-bd23-312d2b2e8d7f,false
7000452b-a936-44e5-825b-df6ecdf7b864,false
bacbe699-b622-4947-9a58-2a6fa11085a8,false
4362691f-bee6-4f24-ab60-e789b1fe0374,false
6577d421-d8b4-4765-a1d0-f9566184dcee,false
08fd9a47-1931-417c-8da2-3422ec5332fc,false
fcb67cbe-1b7f-48f3-ad11-7088d4b52a00,false
8f779b23-1e75-43ce-8fe7-60cf5195478e,false
f2307b41-24d1-4b88-88ef-b95ce9edd8af,false
e391cf2c-fe4f-4bb4-ab2f-8267ab118993,false
e9354267-a924-4687-bf79-1e4feb4c6bc3,true
37dae5ea-cb0a-472f-9712-b2d00ef11249,false
f8c04c44-6034-43c9-956a-c947bd1ebb97,false
b8562f40-bd4f-4227-bddc-115aae1f720a,false
c0afefb7-86e1-4eab-a4b3-606abaf3b2a5,false
70f71e2a-9e12-487c-98c7-dd41a28e8acd,false
bd65d883-083e-4781-8fb6-2aa0c54cdca8,false
f7619153-10df-4077-80d6-5d232aca9a2d,false
92a1b82a-b191-4201-8cdd-abbd42462e4d,false
b2ce80c2-b7d1-4bcd-82b8-7a244a4b079d,true
83abe47f-9044-4823-9e2d-da85707519df,false
ba67bde7-0635-478c-91b0-865b97846388,false
f6493e08-831f-4628-ad36-b0a4e46fc5d3,false
b96bd881-0f2e-4d49-800d-5657fa1b9ff8,false
25bc4731-9107-4061-90cd-bd6c17eeb313,false
ac9e52ea-8519-49d1-a44e-b245031d534e,false
89f223a6-2190-4fce-a2b5-07d110427aac,false
6573af59-968c-473e-a81a-f4e21ed29714,false
5acd3db8-8205-4c0e-a54f-f2e580e11114,false
7a074ef2-bc46-4e21-a351-3e3c6d18ddcb,false
f589c85d-d0df-42ce-8964-503491be5a8c,false
89392234-657d-4d87-8dae-bf557b092d68,false
98db1165-4fc9-4261-9947-da82630aa342,false
8f65bd49-164f-4924-86cd-695979d20606,false
3c472bdf-c7ce-4185-a812-3be662b73374,false
f1f08a12-9822-4187-a690-41da14dd71ba,false
15bb38e7-2793-4758-ac85-e809e60dde80,true
8683ff72-684e-4758-a3c1-a0bff743d2da,false
7f560086-54db-4584-92a0-107584dbf1d5,false
518f74f4-9796-400b-b3b3-0cf2e16c2b8b,false
242e4b52-93dc-4d09-b35d-411d11f83efd,false
37109c77-f0f5-49cf-8381-38f90d1c9541,false
64232632-99bc-4fae-bf73-6f62bbd7ae2f,false
2cec68a9-592f-4966-b1a2-c2b0cfad4fde,false
05036f99-53ca-4a71-99a0-c86ef28ac90b,false
36ba6e79-5d36-44f9-a348-2891f942862f,false
93ed1ab4-1882-4053-b263-185f66448b6b,false
5d4210c5-a0d3-4e71-93d8-a3413314abf0,false
c28947b8-c926-4d1b-8a21-245bbdb845ad,false
ac127a4c-3e3f-470d-bc40-b31362ce4606,false
d128157a-4497-4514-881e-1d3be1f06ad5,false
2c46f516-4859-4167-ac79-7729572af14c,false
0dc8833c-0fcf-48b7-be54-17c53ea02f9d,false
172d0f57-71a4-49e9-8058-a1a82f031ba2,false
e20b6d88-f8b8-4348-842b-e036cb82584d,false
151ea13c-a2f2-474d-ae49-f0c96336535a,false
9be30cdd-094c-4339-913b-08b542f43566,false
d2e3adbd-1b9c-4c90-bef1-ca52643b3b81,false
aa158641-12ba-4a70-a347-d22c19bff254,false
4dbf0f6e-2dfb-4677-b2b8-ed53aa3dbc73,true
5b7a3047-4e5e-44cc-826b-dd2455af66b9,false
ce08d102-b494-4ba2-8ecd-85028f0972bd,false
76134dba-58cd-4d21-a54e-854ce906bd4c,false
67a1d5eb-3456-4f85-b8e0-d361e37b1091,false
c5c50407-7f14-484d-a2d3-4edea7d83f85,false
459ecba8-ad24-44f9-822a-df3a822f3b38,false
ddecf1e7-8879-4673-b299-e8a4118fb27a,false
30ea6718-acfb-4932-a580-f4f725f75c9c,false
a9978117-a8e8-45db-ae3c-063e0fc9d615,false
7e732e74-1a1c-4097-ad4c-b5062bec0dd6,false
6b5ba1ac-0450-4090-9b82-d8ecd91714e1,false
7438d310-6dc5-4172-b8a2-8dfbf1ee5aa6,false
6069a0f4-2c23-414a-b2d0-d1fcb8604fdd,false
9da1abfa-7720-44d7-8af5-2fe25c64d489,false
737ea392-1c9a-477a-9e97-c6f30efb15f3,true
37976f10-c194-467b-87d5-4b11fa10a5ef,false
9f8299ae-fce2-4cca-a25c-4e6ec19dc99a,true
4cbbb1e4-cea9-49e1-b53e-18b4b20620d7,false
2a6630d2-53d6-4114-b1b9-7ffee0dda21f,false
9641f48d-e151-44b6-bb14-bfd38addd87a,false
7bf78388-8d95-4ddd-9dc2-f5b3e58f1e7f,false
3a2e355a-9a40-46bc-b299-4ae61d9db9d3,false
c2c6a379-23aa-41df-9c84-dc601e115440,false
2cb272d5-08c1-42ed-82c8-8bd63c45a561,true
bf2b8dfd-e6ee-4ca9-b74b-e4abf4828901,false
956a1206-5b92-446b-9ef1-e754998e27bb,false
b35372ce-6f95-418c-be68-97c9618eb30a,false
82a5368e-78f7-4f34-8a16-5a542f976951,false
2aaea2f1-e082-4a23-9737-f3865dc27e76,false
19fa6f6f-9d33-413f-86cc-0e325347ff27,false
7ea64c91-00ab-48f3-b91f-009a278902c6,false
ecba7e50-5cdb-4098-b292-ef3350809d7b,false
de304afe-86df-47a1-b4a9-9672978d2c36,true
d0419880-072c-4950-859f-642d54684896,false
70f69a18-4906-4f48-ad02-a7e32d74835d,false
cc7a1fa1-989b-4865-8311-8931589527f5,true
dbebfcd1-7699-42f7-83c1-d7f976a744fe,false
d71bdda5-d689-46be-b516-988ddc950adc,false
715fd874-ee6c-4b2a-9a3b-fba1f9dff2e7,true
7f34b382-2a43-4fc5-9997-36f98a5f2ee0,false
9f870d45-fb30-4ddf-93aa-8f294b70251a,false
9b06bb2d-7dbc-4051-8758-0c9811ed2bbd,false
71b9eca1-063b-44d8-8d0f-18d8e51cf011,false
524067f1-fad0-4000-bef3-c6f2461679dc,false
4188d936-345f-43dc-ad39-15966d8432f9,false
adc81371-713c-4494-8672-f954c067a4e9,false
4c002198-802f-4a80-870d-29fd985c9816,false
2f8bb8ee-59ac-4d83-b314-b9e7052a3625,false
d419cdbe-8fda-4025-9d0d-98753362f3a8,true
588a1bfa-2611-4875-8a72-e615628f1dc5,false
537b0845-1dfb-403c-b455-11c79b541b0b,true
2111417f-fcb2-4ffe-b8f0-67a764da1081,false
ad291301-9bf0-42dd-b0b9-753946ea2cd1,false
0da7af2d-3be1-440b-a8b0-6b48ae3c8254,false
12519e3a-1bb5-43d8-90c5-2b32ceccbd13,false
4863285b-3fd7-48a3-981f-eb65146bf0e2,false
9191f9c4-187c-41b8-830d-3d6a0e45a770,false
b06c931b-d3f7-4d48-82ec-bad0069bf816,false
b3ae1467-0bc4-430c-a669-cc7d92fcc315,false
ee9ed390-e1ec-4953-b086-b4fb37b9fc46,false
1eec1253-ffbf-45a4-8a22-d552e9208935,false
41e729fd-d086-4c8b-a6a6-03d22dff62d2,false
f359f58c-63ae-4788-a2fc-2622de609059,false
54371369-3d06-4cce-9953-07ac9629622a,false
cf303a2a-4668-48a2-9914-a5bfc993f057,false
dec3f1af-2d0a-4028-b9d1-9184ac689939,true
23bea092-aff6-4d11-bb69-c25e07418857,false
713e9079-af62-4075-8497-d6643923ce02,false
c0c08a89-cd83-4651-babb-5b6a92268fb5,false
92b9b165-a808-44ff-9235-73f79cd2313a,false
7cc80a72-c243-4742-8661-38987267eb9e,false
d76ae88e-8b39-4f67-b1cb-399d0ab965dc,false
d608aa9e-db77-41d6-b136-de8886c3b008,false
1bbab773-b5ac-4eea-b491-5def656e2a94,false
84f81b22-f5fc-4f36-9d00-e87bee0eff26,false
f4e67e2a-80dd-4ec0-9f15-4d7c6007ff43,false
71d2bdb5-42fb-48cd-8954-d498f2985003,false
9ee64a89-db80-435a-8b6f-98253cba3313,false
5bb869a2-c06d-49d7-ba07-4db2a9b96038,false
e32985da-8034-4b60-9736-0368d85bd2bc,false
b4368afe-83ca-4ad3-a324-2f157d3b3e12,false
1618350a-5b9d-4da9-80a0-7f8d1edc8ddd,false
54ed4a13-af15-4efa-a143-9efb989462a6,false
0c73e99a-526d-40ba-b493-be33b57f0034,false
e6179443-1b07-4fc5-9ad5-0bf11614c9a5,false
e25d4894-b9fb-42d5-875f-8630bcc1ccc6,false
c9818cb9-7155-4848-b2a9-a14e78a5919c,false
33b12481-877d-461f-8b35-67832b284b7c,false
3c42c780-0d88-41dd-a454-5f9fa414f306,false
2531e60f-7fab-41d4-8063-ac49bbf005ea,false
b7fbcc6c-d3dc-4dcc-b468-af3cf7890814,false
62fe2768-bc1e-4196-afb9-5aba37d0921c,false
26d3e952-6514-4030-9b7a-cf478283ad7f,false
6250d97e-8bde-4040-bf5e-ac8fb5af0958,false
07c31f78-50b9-43f4-af90-3157f54ca0d3,false
750892aa-3805-4ed2-a81e-a6c8aca98638,false
b7460b91-2d1e-4bd3-997c-e49a3297f3e4,false
a0deaa73-8548-4759-b8ae-3ac302ea9638,false
061449e3-b1b7-4ddd-b086-4c5d6d381f4e,false
7fe20f3d-ddc7-48e4-9240-7f0fbf2a57d3,false
fcf635da-37b0-4aa7-bad1-c30030605a7a,true
891bac12-b513-4ecb-8e01-44f438eb21cf,false
7f54b8c1-10ec-4896-90a7-e9f187243bc8,false
4440b280-d254-4fd1-95e3-26dff917f749,false
da03eacf-c672-4061-85e1-acc2c928197f,false
1bec42a8-4f2a-4058-93f3-dbb71f0b5833,false
05f7b1b5-bded-4c75-bd39-f424bf438142,false
f0a08cfb-591b-4cc1-80db-4c5c0225e3d6,false
1b9cf8aa-0891-4f01-8e16-3825749e7118,false
3b2b5f70-f959-4264-b2bf-3bac7b07da6f,false
4e863450-a932-48d4-939e-77d88e523709,false
f4c6231d-1ba6-4bca-81c5-cef2124cab12,false
1a90a425-d04d-417b-a262-7f6574e258e7,false
3fc6db8d-09b5-4b41-8ab9-517ae9cc73be,false
42c2be55-6032-492c-94fa-420d1cb7efac,false
47bc29ae-b468-4b17-9b5e-b38452d64239,false
a27730ab-d6aa-4813-9e6d-cbd75c06b022,false
7a8dd2f4-5abb-4d51-8d22-0cb22e6517c5,false
a10ab60c-fd8e-4f21-977f-ac0e3e909b79,false
b49b8b75-96c6-4141-b24b-326c695b6dfa,false
eeeeba3b-5cb7-4dd0-a377-bca949d53a36,false
8faf0c7d-e430-44a8-9ac9-0d340e6845d3,false
169cf5c9-c62c-4bb4-b7ac-e12ce40df02e,false
9d87d6d7-044e-41b2-90e4-b8aeb851c500,true
b5b0762b-7bf4-4e99-b4e6-88253194937e,false
f27591da-0803-4581-b233-f03cca89ff72,false
83869903-f3c5-4ff0-9be8-64f403d8b873,false
279ffd5b-18ea-433d-9c6c-79a207842945,true
54ee4d73-1d7b-4ec6-97a5-dd7f9edb0152,true
b5398390-8980-4e2d-8102-5a307f589602,false
378473ac-85c4-48c8-8f11-140d9fe23c7a,false
ad384ce5-c0b8-4e25-b66d-cfb8574d451a,false
49fa6329-fefe-4d61-9c81-f9566cf2dc73,false
b4ea3232-d2e0-4b86-b5ff-79cf2e94f614,false
00bff5d0-8559-4821-b7e2-fe859e3f7ba9,false
3200d09c-7881-4e34-9795-784f9be194e3,false
758639fe-0f3c-4b38-b96a-5baf37f81405,false
4f53329e-4bcb-4819-8171-0af393539cdf,false
0753e34e-769c-4abf-85ac-745aaf099899,false
79b39f11-8092-4966-ba29-188091632ea5,false
aa9b778e-3944-4000-a9a3-66bca1f081e9,false
7bb4a05f-3820-4a64-9615-4aa1c0be2fb6,false
d0ee0e51-fcc6-40b0-a116-fdc5dedf6f68,false
0f2cfd79-bc24-4fc2-a1ae-18ccfe172171,true
27949a4b-8126-4d60-b67f-84ba3ed7f86e,true
b4f327b6-ceed-4531-bee1-68e6f4a2ff93,false
60101c54-1a9b-42b3-81ee-03c10ebb8eb4,false
9a245a9e-de34-411b-a10e-f612e9fa7153,false
ca47e00d-f6f8-4009-b138-7797bad400e1,true
02879ef0-ed67-46a0-ae1c-b9aa9dbad5ed,false
d5e1d0d6-b36b-4e46-b323-87dff47b8fc5,false
c4989a0b-10f6-46e7-a4d4-3d614ac7c6cd,false
571ee7c0-1c8b-4a5f-876f-e0b3785f291c,false
9dda40ad-2c92-40f1-9310-4f18efd81405,false
b5c93b11-bc80-4b35-b06c-0be23a8d2a13,false
71d1280e-7f0d-449c-8780-bbb232249cc9,false
6ed7f0e5-92a7-44e7-802d-0fb3c7562fee,false
9c7780e2-9518-4900-9541-9d67f31a5eb6,true
e3147976-dd01-4c3c-af9b-dd64d8f94d2c,false
13a2c6be-bca4-40bc-912d-78ce7f23c468,false
2662a206-0fa3-4c54-9b65-4e1d1388ee9e,false
fe89c7dd-600d-4687-af52-cd634c67868a,false
838a3e7d-8ae9-483d-a238-e2f5fae15f15,false
e9bdd5b0-3b4a-47e0-9529-0b38e356007f,false
a760c6ea-08e4-4ed6-9ca5-e1717633dab6,false
d1f22bd7-5194-4422-aea7-0c3ac951fe92,false
f9c48c06-bb87-48d8-a8d7-31473fb235c7,true
b557da97-5a3d-4290-a226-fe8a006e290c,false
865c4dbe-c88d-4700-9528-93544ccd5951,false
9f96812a-8b13-4c7a-bffe-f864c50f1446,false
c8428635-fcb3-4a08-88cd-43a069db1d3d,false
3d97c5ab-c32a-4816-bfd6-927d0b91fd93,false
ec4b5d86-0211-4b4b-973c-557e0bfa8734,false
5c9e9c80-eb46-4dfb-8d9b-04c94ce7dd69,false
d52fb90a-cc3c-4240-ad09-f7c95ae56eff,false
62fc9082-2c62-4d20-b103-204b97c9e22c,false
e779dd5b-ebf6-4e96-acd6-65758dfb8a10,false
e8e219ec-b8a0-42c1-b58a-47716e5c8f44,false
5ff67cfb-2227-4e26-b632-c080c0fb6fd0,false
7e8ce911-5291-4a4e-8222-dfa3ccfd5a58,false
20d7ecba-b013-41b1-92cb-4c3818d6a9bf,false
19ee16ee-8ebd-45d9-8046-c2e99cafcfdf,false
6695ef28-b0cd-42f5-87b4-5f950a96b348,true
fabee24c-7f1f-4992-9a9b-d15a61e85e0a,false
22ca0b50-2f09-40b6-9769-510baac7f07f,false
9d7d5bb7-c6f8-4157-b66e-3c20cc4a6d3e,false
20867556-bcde-4791-ba3b-c74af8854fdd,false
e9a5048c-371e-4a40-b3a3-9bab001f626c,false
696ed2a6-6021-4f37-bae6-61ac5a10fa6d,true
3ef7cf50-b205-471b-a529-1f7fe30e17a8,false
bddff11c-9580-4326-a49a-5df5ae1fe35b,true
7a1ff5bd-a4da-4786-9ed6-c4fd8da4b7b8,false
1b2c4931-9b87-4061-aa6b-727b815274dd,false
b7d6cfa5-062e-4a3f-9417-313a18396388,false
b2f338f6-6aca-4ce7-9b2e-afc30e472b7b,false
3ed2bfb8-4a6f-4b66-aef5-450daaab4818,false
521cdcaa-f856-4223-a8a4-b18302b033c5,false
328f0cc2-55c6-454d-96ee-f2506d61e8c6,false
efcd2b1a-4599-4651-8b08-656b109db921,false
58b92837-e09f-44bf-861f-4163ba3982e9,false
9e42aaac-49a3-42ef-acca-ade629509faf,false
0c5784c4-4d44-4e73-953e-2470c4ec9b04,false
70fe7e95-7746-4ec9-8ac9-a4bc64d65b82,false
d2abdf79-a8c2-4f31-9c84-8ee5d68354cd,false
b199ee4c-1368-4198-a410-2dfab5954bef,false
459e4b62-bcb1-41fe-a858-9b798dfc4af7,false
5a455d92-5ab4-420f-8440-1cc733919a2d,false
c25b63ea-541a-4fef-a3e0-8eff3986c86f,false
ea22c996-f098-43fa-831a-78b4a37f4a52,false
2a9d8805-70ce-455b-88b6-feda7c2f2238,false
d45fc2fd-ce48-4437-810a-a09ce77372f4,false
fa9128ab-6daf-4a18-9c68-6b554d2e10bb,false
3416a4f0-b78b-412c-82c2-8d8b92a04d51,false
44421245-abc4-4e19-84f7-18cd91558558,false
27c39b56-edb6-4666-925c-4f55f6643a63,false
6af3a6b5-380d-4cd2-b5e3-b1a068edba1a,false
02d130ea-df60-4ccb-810a-fd0df3d685fa,true
f9f85393-77d2-49d3-a639-3e1df3371a08,false
7e20e435-355c-4ea5-84d0-ba8181bdac3d,false
88175dea-2edb-49b9-b893-1f718e63b6d9,false
5721fc52-2a97-4a52-85bd-4f319c01671f,false
93496683-f802-420d-8914-4c99f8618582,false
30a02de8-6a7f-4967-b6a5-a036157363cd,false
561c1ff5-bf14-405a-93fb-ea212968b025,false
daed3004-7294-49e6-9ddf-25859591f9aa,false
e6790413-66bf-4b6a-b3c3-3520ba5e1a9a,false
fcfeb42c-5ef6-4c3c-8462-b563c2b2117d,false
700a7057-8136-49eb-acd1-976aea94cb6e,false
66fded4a-6644-47e8-affa-ed5c14e05d13,false
bfa9b200-5bfa-43e4-97a4-a080737500fb,true
77baad3e-2486-454e-a1ef-4a1bdf71a6ed,true
fcddeb44-7f77-4e48-8976-2f04d6a1a1b0,false
9b08c470-244d-4a37-858b-24cc26dd5509,false
c864c489-6ce5-4dc3-8de6-9a0a89242f75,false
eda19cb4-bdc9-44ea-b608-ba36cecfc127,false
411da105-eb9e-45cd-833d-0b95390a2a25,false
b40e7632-fdbe-4914-9fac-1af378729886,true
d1d26269-3447-4f5c-ac30-e24280d72c7e,false
071fdc06-d10e-4b4b-b71c-c43f74d3570e,false
741aed4e-b814-4e76-9ca7-ed599472b234,false
7c01598a-b2ea-4279-a15b-77358dd8975f,false
f9e4207f-60de-4f32-be1d-49cbfbe32ebe,true
1437e3a1-65fb-4dba-be4b-c16b85cf7ba5,false
654727b0-9438-40e4-b0e2-35d6236d37f9,true
c950c70b-8b7e-4656-8988-c5167622e5f7,true
f75acbf9-6ecf-498e-9665-23c1de6abf45,false
a7d24c5a-7453-4447-9d1f-4717da6695d0,false
8d4d324a-363c-45d8-83fb-36cb87b68f55,true
b5dc323a-fee4-41ca-bc52-269911525934,false
30fcfd36-e8a8-434a-bdac-763b0a3fc0ee,false
420a6bb4-7c3d-4a74-9701-3eea4799b20d,false
1067b583-434d-4207-8727-e59a50a62b01,false
581563d4-54ee-4066-ba4c-1e54bc4cabdf,false
25a003e6-7986-4f9d-8e95-c07e75f7569d,false
a9da1432-1a02-4195-bb26-9959efdaebdb,false
7c5ca2b3-8c52-42ea-b83e-f7c6874bbe51,false
db929ee3-f77a-495c-9a50-76f95d387233,false
555b4b19-677b-407e-9b2e-8ec796d48f97,false
709abaa6-cc73-4ea0-a351-7c49f6766294,false
405909a7-1ec4-4208-8fdb-a8fbb492a197,false
a7d4243b-ed5a-4820-85eb-bd724c08df24,false
3f8c0eaf-6c4b-493a-92ec-c5d1bdb00a6a,false
ad1d5d01-f006-42ff-868c-008745edcb66,false
a3b0a7e9-3b9d-4cfa-8347-c0e5eed2a13c,false
f355daa8-55f1-450b-b972-bb938fd90974,false
8a5c1d10-b6e3-4862-9f5b-27e10627613f,false
a067e8e1-e41d-40ec-9adc-eca36178bf03,true
89950166-5234-4db8-917e-5daec1c7e8b0,true
c7771989-9850-443b-bdb0-6b08fb35cc23,false
896bacf8-8e49-45f5-a4f6-f5810823ca4c,false
fdd0ca16-ffe1-4be3-ad2e-2d73d4f2e7e1,false
cca98d86-26be-49e9-85c1-0913bd1f8605,false
63d35be4-2921-4c2b-bc04-e66f5340f5a0,false
91a790fa-ed32-4ad2-8051-fdd4998221c1,false
ccc0ca17-3238-4ffa-82b8-c6e8dc565e56,false
fcb32d53-9443-43b1-a2fc-712953dd4f62,false
97403136-b514-4d89-9b14-7ec6338428c6,true
eeb88f40-b08a-4bc4-871c-bd772c6296bc,false
b8a7f7e6-5adb-445d-857c-f63846214c26,false
f484cefc-1a4a-429f-85e5-7764b48ca177,false
d05ee825-020b-4b6e-85df-486161becade,true
18396d62-f81a-4ee6-b0e6-01a7934c1811,true
0f0a4b0a-a63a-4f63-8528-46853ffed0f5,false
91b3dd30-5c8c-493c-8e39-19f4568bf97e,false
7ac2ecc6-4f65-4366-9777-e7980da26a18,false
353454b4-acbd-4829-b180-5ae69f85ba77,false
e55f5add-408e-4d03-a9f4-6358bbfb73a1,false
899ae2cc-9890-4c99-a22e-88cced8089b4,false
45b2e7a7-9c15-4059-9a06-196cd26c7db3,false
760efa5f-3060-4bfa-b1fc-7fff0c8e7933,false
09b87a31-a15a-40fb-9556-095341402086,false
d9f9da88-1d49-46c6-b98e-ae9f6cfebf54,false
51a97026-bc46-4f34-ba44-616be512e72d,false
0c33b9c5-7445-40d7-a855-ce6327fd77db,false
122b89fe-0bcf-4ce9-9b12-fc0a22627b06,false
2e97f8ab-af75-4ae2-b2fd-92427f942679,false
6a1608e5-d25f-483f-9898-59a60e27a200,true
0e21aebd-154c-4fcd-a905-4fdf688a2ae2,false
f45ed10b-b70c-4015-a20f-8e01f3ca8cb0,false
0abb6e37-9e5c-4d0d-a6f8-a1b58f3ed571,false
9284ef77-7026-4d2c-91e9-0bd3bf0c0901,false
07249adc-1098-4029-b170-f15a188c0e07,false
410b4635-f7ba-4f58-9332-237b0b7f56e7,false
f34c96fa-2485-404f-b42a-23c35254051b,false
222b31d3-109c-4d88-b541-2771ea0b7d4f,false
a6775a1f-4e4a-4937-bd5b-802b01498913,false
e5032985-2aaf-427c-8c6f-8ad77e344758,false
fb51a3f7-2ea5-4d0f-8f03-f2954a773853,false
852fb1c2-7bff-439c-a278-04e783bac4cc,false
8b01e067-3562-47c7-b846-6a8024365f15,false
ddfb80df-7dd8-4f2b-a014-50a4b7061ba2,false
dfea12af-a264-4cfc-86da-44886d45b14b,false
28261895-59d6-4638-842b-ff7815d8d7cc,false
30686a73-6e47-4405-b12e-61889bb1d766,false
5822aa06-0082-46f2-a416-868425dca701,false
12b30507-a72f-440e-a53a-b4acb92ffc0e,false
79a6ae39-db0f-4386-b62b-db630098ced3,false
3bc2e913-0f7b-4633-999d-a2eb5a09c2f4,false
81b9f31c-9ee7-4ad8-8c83-81f7c4c3ef1a,false
522d4587-3ce5-4b1c-8fe1-ec759da5e230,false
e64d480a-254f-40db-9624-7d4ac1018c0e,false
88f17575-27da-449a-a1df-10be26333570,false
9c4b89e3-b4bb-4d2c-9446-85e9688a61af,false
a76ac913-7aab-4d07-8d5b-0ef07a324768,true
57ee5c09-d3ca-41ae-98d7-0bdf239117ad,false
683bac95-4ce4-455e-a1d3-12ac01190e31,false
8f332139-90de-4160-928f-7de4c431279b,false
223c187d-1041-4fd6-bfeb-388b9052893e,false
967a97d1-4826-4c9e-a42d-73ffa62e0fea,false
0dcec03d-b0d5-40bd-a34a-b36003145142,false
2ac2fb41-b098-4728-93a6-04ef885b7759,false
cae322e5-3d10-4c25-a876-89a7ebca734a,false
813f5e05-6b2c-4517-b9ae-6a6d9290b99c,false
a14b5a77-d715-4271-a610-7e070d88a7c3,true
2baa7e0f-a129-41f5-8d4c-065c1678f30b,false
b9759b81-dfb0-43a4-ad69-8d60ea5d29a1,false
46cb4e9c-d632-4fc2-aed9-097a175ba1b9,false
d33d82a0-32f3-4c54-9b13-e5d031005b41,false
a79ed557-0e48-41a6-8712-d653c0404a25,false
6183cd00-402f-4654-a0ae-ec82ee63c920,false
ff645428-65ab-4b37-9db6-3413c687cd03,false
f277e626-a313-4c2a-a6c0-d50d8d491ccf,true
fb6a0923-529a-4abe-ac57-9541d69d8954,false
bca369a8-be5f-4784-be44-53a0f664503b,false
fec35d6d-fc89-4f0c-9f8a-2db3e0f9b632,false
a3779dfb-955a-40a4-b0fc-a0b455a48709,false
e778236e-5491-4c0a-b914-7d9a99447804,true
47fc1bdb-e8bc-49f5-9c97-9352e53646e8,false
68b2dd21-911a-4c14-ba78-9898dcfdede3,false
3c29e2ac-2873-4da9-923f-fd7ef2f49b58,false
a619d8fa-8b5b-4eda-8a61-4f7010495e8a,false
0c77ff09-1f3c-4be0-a60d-82684fd7b465,false
1e5106f8-d1a7-44a3-a058-b6b2c08286f9,false
775ce720-1b18-4736-bf44-13b1873ed183,false
9760ab59-635d-4ff5-82d7-8950e3995602,false
4d08bdaf-f4cc-4446-a727-20d57fce58bb,false
918fbf38-6854-4956-948c-d53213caa305,false
3b8b4717-1cab-4ea1-88d8-42dd3d7c9d70,false
cf25aee4-6550-4f57-a7a0-c02ecc12113b,true
99daff7f-12f4-4f93-a27a-52bb64f228b6,false
7e9d7b11-e279-48f5-9d3b-c4dab2fb615a,false
eef9b92b-71fa-4106-983f-0f2ca6666a85,false
68778bea-49dd-4f8c-a668-66fd4928a9fb,false
d1c864cb-6685-4a67-8d07-220e7ef1b504,false
57eac844-79fb-4825-956e-02c2bbdde107,false
66c3ff1f-a29d-4273-a18f-ec9fc3708239,false
8c12c3d9-4b6e-40bf-b054-be1b3606c62d,false
cd3a410a-328c-4d67-9b8b-d60173045d30,false
85750358-8917-480c-a8d0-5baef71a64fb,false
1957660f-dd83-4c8d-8ac7-54107cd1b13a,false
bd460e1e-2fa2-4b84-ad53-e866e780912c,false
15cec492-3932-4052-97ff-f2f58768d00b,false
90e679ac-6b89-4702-b4f5-67432b9afdcf,true
3d77af6d-b218-4491-856f-523ecf098c2e,false
8dac7306-210a-4958-9b9c-9d2d4ec606ab,false
a0ff41e5-f38b-49f6-ab7d-b57e45235fca,false
0f3838c6-2768-474a-997b-dad40d4d6b14,false
371a222d-60ca-498a-b936-46ab0fc884de,false
279d2edf-ee0d-4ddf-8842-647e25452d06,false
f931d407-91e0-491f-86cf-bf30457ccdda,false
d58eeebf-c231-438b-aa8c-6d47cd26cfd0,false
b892bf6c-bfdb-4c25-9c37-bd188f2dfcd5,true
fc952a87-9f10-4fda-b7e7-6af938a3a1c1,false
b0e4b85e-9f7c-41a2-87b9-7256db91ba10,false
0c6811c8-8d93-4dcc-9e17-8f9afccd902b,false
d1edb13c-b5b8-41d4-a5ea-82f6f3b9a6f9,false
a2938222-1227-4215-83e3-1e366be5b693,false
6faf5f0d-bf7d-477a-b2ec-fc11b2baf26d,false
0d2f95df-19fa-45c9-a079-87380b07112a,false
5484c4c2-3466-4af2-83aa-aa3370cdc11a,false
15f583e6-badd-4fcb-9a30-a621b7bea57c,false
92656e5d-99c0-412b-b3b7-2737b7365cb0,false
2d9204bd-7968-49a4-8875-87f7e921814c,true
d7a54f4f-ac55-4c8c-b82a-df650ddd48f4,false
ceeb43ab-bbcd-4c33-8df4-4a83853ed50a,false
07800d30-3c51-4c13-9233-9ef85bfeb6e3,false
ccfea6dd-7a43-4f43-898b-16ee81a11f7d,false
a744e87b-174f-4b3b-a20c-8d293555774b,false
f7bebb3e-1816-4ed4-8280-0d41e7eecf15,false
d12ca036-555b-4802-b3dc-88c0a7e6f4f5,false
2d8b3cd8-d32b-4e2a-8312-fa9027f44bc8,false
39a9d3c3-aaad-482d-a1f5-2969c8fd33cf,false
e4282292-122d-46fd-b1eb-3bcd363a32c8,false
dcda99f5-6743-4cd7-b81c-51d95c539080,false
62709ff0-96b1-46a2-8c01-bc2d57891ee7,false
